final_x, final_y, final_z, guessed_x, guessed_y, guessed_z
-0.028237, -0.125114, -0.279846, -0.185987, -0.120168, -0.241401
-0.029361, -0.123459, -0.281678, -0.185284, -0.120195, -0.244630
-0.028516, -0.123981, -0.282964, -0.200201, -0.132518, -0.275111
-0.028312, -0.122773, -0.284793, -0.196641, -0.127307, -0.269652
-0.028123, -0.123376, -0.285012, -0.188599, -0.118548, -0.246622
-0.028401, -0.123817, -0.285368, -0.192794, -0.119600, -0.250087
-0.030459, -0.124082, -0.285445, -0.196545, -0.121642, -0.252747
-0.031225, -0.125707, -0.286525, -0.199062, -0.125593, -0.259675
-0.031712, -0.125000, -0.286680, -0.202393, -0.126980, -0.264177
-0.031740, -0.127067, -0.285738, -0.199458, -0.125850, -0.256150
-0.031072, -0.125915, -0.286755, -0.198266, -0.127072, -0.264610
-0.032437, -0.125578, -0.287662, -0.197712, -0.125678, -0.261226
-0.032808, -0.126354, -0.286701, -0.202964, -0.131003, -0.271423
-0.033348, -0.126442, -0.286690, -0.208229, -0.129885, -0.269725
-0.034941, -0.126914, -0.286871, -0.203649, -0.128456, -0.266048
-0.035814, -0.126830, -0.286315, -0.206173, -0.127784, -0.265161
-0.036117, -0.126718, -0.285940, -0.206634, -0.127426, -0.262981
-0.038083, -0.126835, -0.286461, -0.207393, -0.127790, -0.266756
-0.040227, -0.124245, -0.286347, -0.206017, -0.120265, -0.249656
-0.041605, -0.123732, -0.286145, -0.208444, -0.123665, -0.260248
-0.042425, -0.121748, -0.285667, -0.209549, -0.121266, -0.258405
-0.043743, -0.118831, -0.286470, -0.209804, -0.117640, -0.258918
-0.044687, -0.116334, -0.286496, -0.211569, -0.115556, -0.258097
-0.045455, -0.113985, -0.286817, -0.213298, -0.111833, -0.254211
-0.045779, -0.111758, -0.286852, -0.212449, -0.110863, -0.259166
-0.045627, -0.107976, -0.286492, -0.211387, -0.105674, -0.252093
-0.045391, -0.107066, -0.286248, -0.210534, -0.106103, -0.253254
-0.045565, -0.105737, -0.285078, -0.211240, -0.104178, -0.250585
-0.044974, -0.103666, -0.283899, -0.211377, -0.104201, -0.254181
-0.044715, -0.101420, -0.283095, -0.211264, -0.102065, -0.252182
-0.043123, -0.101401, -0.281848, -0.210452, -0.100086, -0.247313
-0.042841, -0.102073, -0.281511, -0.209602, -0.101775, -0.251116
-0.042442, -0.101849, -0.281413, -0.207484, -0.101778, -0.250570
-0.041254, -0.101608, -0.282290, -0.215790, -0.101532, -0.255308
-0.041205, -0.101901, -0.282224, -0.207369, -0.101904, -0.249833
-0.041497, -0.102733, -0.283370, -0.209606, -0.103644, -0.253648
-0.040229, -0.104540, -0.283144, -0.198465, -0.102919, -0.242994
-0.039297, -0.103924, -0.284551, -0.192717, -0.099438, -0.238410
-0.039257, -0.105625, -0.285059, -0.192345, -0.101855, -0.243326
-0.037031, -0.109366, -0.283297, -0.193030, -0.104285, -0.239685
-0.035016, -0.113304, -0.281754, -0.193564, -0.108463, -0.240100
-0.034054, -0.112940, -0.284051, -0.192972, -0.105411, -0.241807
-0.031597, -0.116136, -0.278631, -0.194437, -0.111026, -0.246283
-0.031973, -0.114588, -0.273518, -0.186990, -0.105646, -0.230196
-0.031848, -0.112478, -0.271844, -0.198869, -0.106954, -0.237142
-0.032354, -0.109813, -0.274655, -0.194253, -0.100949, -0.229728
-0.037047, -0.115951, -0.265336, -0.205010, -0.116201, -0.237772
-0.038334, -0.120427, -0.262622, -0.205429, -0.125767, -0.253463
-0.039376, -0.123289, -0.261354, -0.208178, -0.126710, -0.247854
-0.039975, -0.126367, -0.260345, -0.200908, -0.129392, -0.244698
-0.040128, -0.130011, -0.262083, -0.204650, -0.136858, -0.253740
-0.039662, -0.134321, -0.264144, -0.205428, -0.142075, -0.259846
-0.036654, -0.136640, -0.267603, -0.202492, -0.142963, -0.259531
-0.034544, -0.139080, -0.270134, -0.201019, -0.145586, -0.262869
-0.033547, -0.141636, -0.272266, -0.198599, -0.147834, -0.264727
-0.030613, -0.143003, -0.274434, -0.199119, -0.149086, -0.263896
-0.027729, -0.144431, -0.276642, -0.195185, -0.149059, -0.265359
-0.025834, -0.145752, -0.278666, -0.192961, -0.150006, -0.267009
-0.026633, -0.147148, -0.277634, -0.201845, -0.158952, -0.278473
-0.027348, -0.147281, -0.277035, -0.204746, -0.156048, -0.276052
-0.028141, -0.146045, -0.276548, -0.199544, -0.153177, -0.270936
-0.027388, -0.144681, -0.276018, -0.198663, -0.152893, -0.273230
-0.026884, -0.142057, -0.277812, -0.190332, -0.143405, -0.262067
-0.025195, -0.139024, -0.281161, -0.190466, -0.138031, -0.260924
-0.024062, -0.136465, -0.282735, -0.190801, -0.136732, -0.263268
-0.023887, -0.134691, -0.283377, -0.188064, -0.135377, -0.265057
-0.022585, -0.133522, -0.284512, -0.185089, -0.131347, -0.259891
-0.022201, -0.132201, -0.284687, -0.184898, -0.133004, -0.263277
-0.022111, -0.131119, -0.284155, -0.184208, -0.130628, -0.259082
-0.021895, -0.130138, -0.282708, -0.187820, -0.130308, -0.260544
-0.021317, -0.128456, -0.281731, -0.185544, -0.129819, -0.263127
-0.020764, -0.127884, -0.280509, -0.189387, -0.130306, -0.261633
-0.020358, -0.126496, -0.279123, -0.183289, -0.126241, -0.256701
-0.020365, -0.126641, -0.278758, -0.185473, -0.127454, -0.258079
-0.020596, -0.126128, -0.277538, -0.184010, -0.127240, -0.256004
-0.020800, -0.125109, -0.275583, -0.187743, -0.127611, -0.258781
-0.021463, -0.123469, -0.274432, -0.188441, -0.127460, -0.259716
-0.021437, -0.124609, -0.273315, -0.192972, -0.128615, -0.259593
-0.021560, -0.124052, -0.271456, -0.188441, -0.127135, -0.255348
-0.022220, -0.124077, -0.270408, -0.191923, -0.127910, -0.258024
-0.022014, -0.124486, -0.268254, -0.190922, -0.128648, -0.253380
-0.026059, -0.124690, -0.268206, -0.195181, -0.125855, -0.246220
-0.026468, -0.125182, -0.266427, -0.197343, -0.127542, -0.248629
-0.027744, -0.124927, -0.265183, -0.201655, -0.127522, -0.249336
-0.032132, -0.124090, -0.266328, -0.200365, -0.126779, -0.251630
-0.032467, -0.124346, -0.265162, -0.212084, -0.128425, -0.251572
-0.033453, -0.124736, -0.263948, -0.212417, -0.129688, -0.251802
-0.034075, -0.124726, -0.262952, -0.214736, -0.129004, -0.251881
-0.037349, -0.123159, -0.260011, -0.213275, -0.126988, -0.243749
-0.037551, -0.123158, -0.259663, -0.215641, -0.126956, -0.249366
-0.045232, -0.122316, -0.261200, -0.221299, -0.124062, -0.245367
-0.051091, -0.123034, -0.262613, -0.219820, -0.124673, -0.241223
-0.052236, -0.121656, -0.262578, -0.214980, -0.120327, -0.232984
-0.055997, -0.122024, -0.262770, -0.217332, -0.120325, -0.231434
-0.057326, -0.120192, -0.263951, -0.221295, -0.117168, -0.227941
-0.059422, -0.119538, -0.264161, -0.219147, -0.116164, -0.226431
-0.062557, -0.118544, -0.265350, -0.219666, -0.113304, -0.222980
-0.063699, -0.118906, -0.265530, -0.229653, -0.115713, -0.226039
-0.066787, -0.119295, -0.264415, -0.232429, -0.115738, -0.224192
-0.068742, -0.118185, -0.264171, -0.228278, -0.113016, -0.219974
-0.072158, -0.117330, -0.263733, -0.232692, -0.112641, -0.222660
-0.075899, -0.115878, -0.263484, -0.232500, -0.109554, -0.217230
-0.078581, -0.114060, -0.262632, -0.235327, -0.108296, -0.214637
-0.080984, -0.111520, -0.261424, -0.229191, -0.105991, -0.210035
-0.084296, -0.110713, -0.259400, -0.237796, -0.110010, -0.220140
-0.086824, -0.107698, -0.263588, -0.246950, -0.104373, -0.223295
-0.089490, -0.104254, -0.261835, -0.261001, -0.100942, -0.224544
-0.094624, -0.107380, -0.260836, -0.254994, -0.107916, -0.227267
-0.095917, -0.104831, -0.263880, -0.246943, -0.099104, -0.205728
-0.104648, -0.102490, -0.266972, -0.254536, -0.101147, -0.213834
-0.113743, -0.097837, -0.268006, -0.269359, -0.095589, -0.216984
-0.121645, -0.095618, -0.270194, -0.280352, -0.096206, -0.231934
-0.126730, -0.092842, -0.271415, -0.277380, -0.092561, -0.224714
-0.129118, -0.092548, -0.272716, -0.283847, -0.091450, -0.225641
-0.130860, -0.094311, -0.275226, -0.290577, -0.093822, -0.231881
-0.129614, -0.093663, -0.277281, -0.289100, -0.091169, -0.232166
-0.126300, -0.096867, -0.279223, -0.283020, -0.095542, -0.233100
-0.119997, -0.100612, -0.281589, -0.280697, -0.101753, -0.245615
-0.111351, -0.104480, -0.280169, -0.271434, -0.106959, -0.244782
-0.101998, -0.105489, -0.277704, -0.266904, -0.112879, -0.249586
-0.093144, -0.106708, -0.273813, -0.250907, -0.114190, -0.236130
-0.084131, -0.109166, -0.272015, -0.244298, -0.119338, -0.241702
-0.077277, -0.111556, -0.269320, -0.237208, -0.120363, -0.236839
-0.072479, -0.113382, -0.266856, -0.241916, -0.125031, -0.248461
-0.070999, -0.111100, -0.267232, -0.236056, -0.120156, -0.246252
-0.072107, -0.107929, -0.266556, -0.233889, -0.117827, -0.246570
-0.075638, -0.103065, -0.266908, -0.242686, -0.111851, -0.251563
-0.079166, -0.098076, -0.266832, -0.250148, -0.105337, -0.251800
-0.084468, -0.094252, -0.268653, -0.257122, -0.100786, -0.257424
-0.090554, -0.087414, -0.271155, -0.261217, -0.092443, -0.257729
-0.096407, -0.082132, -0.274771, -0.267740, -0.084258, -0.249926
-0.101858, -0.076630, -0.277396, -0.276835, -0.078294, -0.253925
-0.106574, -0.073425, -0.279842, -0.282056, -0.074611, -0.258114
-0.109091, -0.072714, -0.281673, -0.287530, -0.074885, -0.260093
-0.109130, -0.072940, -0.281494, -0.300278, -0.077281, -0.266249
-0.107609, -0.074024, -0.281417, -0.291206, -0.078857, -0.266002
-0.105032, -0.077581, -0.278947, -0.283586, -0.082912, -0.257214
-0.097314, -0.084214, -0.273979, -0.269206, -0.087168, -0.246972
-0.088094, -0.090578, -0.270286, -0.258913, -0.095160, -0.245884
-0.077265, -0.098834, -0.266183, -0.242412, -0.101592, -0.239181
-0.066827, -0.106739, -0.259373, -0.225137, -0.109485, -0.223738
-0.056453, -0.111277, -0.252422, -0.217059, -0.119026, -0.225968
-0.048818, -0.113948, -0.243466, -0.203977, -0.122814, -0.208574
-0.043157, -0.115319, -0.238750, -0.206194, -0.131574, -0.220338
-0.039871, -0.115163, -0.233956, -0.215586, -0.138987, -0.233153
-0.040285, -0.112398, -0.231627, -0.210893, -0.132115, -0.224292
-0.042475, -0.106132, -0.229649, -0.217367, -0.126281, -0.230876
-0.048354, -0.097990, -0.230558, -0.217928, -0.111928, -0.223156
-0.056719, -0.088553, -0.233237, -0.225320, -0.097720, -0.223967
-0.063747, -0.079132, -0.237743, -0.230468, -0.085594, -0.226043
-0.073084, -0.065812, -0.243254, -0.241260, -0.069330, -0.233831
-0.081973, -0.054910, -0.248466, -0.253989, -0.056927, -0.239295
-0.088601, -0.045048, -0.254016, -0.272693, -0.045743, -0.254424
-0.092504, -0.040937, -0.260053, -0.281978, -0.042558, -0.258295
-0.094488, -0.040195, -0.262898, -0.293923, -0.044133, -0.279399
-0.095303, -0.045027, -0.265613, -0.305261, -0.052937, -0.287679
-0.091097, -0.053586, -0.267461, -0.278346, -0.065288, -0.275112
-0.086659, -0.066063, -0.268907, -0.269451, -0.082541, -0.270319
-0.078641, -0.080568, -0.266997, -0.254839, -0.099806, -0.269898
-0.072070, -0.094340, -0.263625, -0.238590, -0.117890, -0.253090
-0.064782, -0.111921, -0.257645, -0.227294, -0.130793, -0.227473
-0.059541, -0.128575, -0.250025, -0.223142, -0.151754, -0.230566
-0.054703, -0.141601, -0.243256, -0.220190, -0.166923, -0.229583
-0.051420, -0.148879, -0.238570, -0.213107, -0.172933, -0.221569
-0.052252, -0.151120, -0.233035, -0.211106, -0.175705, -0.216803
-0.053572, -0.147262, -0.231903, -0.216591, -0.166050, -0.212602
-0.058085, -0.135990, -0.229878, -0.229638, -0.164221, -0.222029
-0.064536, -0.124797, -0.229037, -0.234110, -0.149966, -0.214539
-0.069166, -0.112431, -0.228414, -0.230160, -0.127673, -0.204378
-0.075347, -0.101875, -0.232021, -0.247025, -0.114828, -0.217224
-0.086084, -0.089456, -0.233500, -0.250492, -0.094814, -0.200992
-0.097522, -0.080700, -0.237629, -0.244006, -0.083635, -0.199837
-0.105176, -0.069923, -0.242744, -0.272937, -0.074941, -0.227266
-0.112996, -0.062831, -0.246460, -0.262340, -0.063711, -0.201463
-0.116064, -0.060759, -0.249749, -0.264527, -0.061006, -0.206372
-0.116037, -0.061963, -0.254056, -0.265198, -0.058650, -0.209903
-0.115514, -0.063956, -0.255628, -0.281781, -0.062580, -0.224336
-0.114115, -0.066337, -0.255269, -0.283342, -0.069683, -0.238481
-0.109857, -0.071221, -0.254428, -0.278754, -0.076306, -0.232710
-0.102592, -0.075404, -0.254037, -0.261782, -0.081986, -0.232171
-0.095676, -0.080379, -0.254580, -0.240236, -0.081191, -0.213554
-0.092025, -0.088167, -0.243805, -0.242203, -0.090518, -0.209233
-0.087581, -0.091665, -0.234676, -0.243507, -0.097084, -0.206560
-0.080766, -0.092996, -0.222817, -0.231817, -0.099621, -0.189910
-0.073405, -0.096278, -0.216488, -0.213119, -0.094313, -0.175809
-0.070658, -0.098783, -0.211884, -0.211261, -0.092939, -0.170075
-0.070679, -0.096053, -0.203593, -0.205978, -0.082568, -0.150436
-0.074995, -0.089604, -0.197729, -0.218117, -0.082617, -0.148203
-0.076294, -0.078828, -0.189211, -0.227416, -0.076649, -0.145923
-0.075494, -0.066699, -0.175678, -0.223555, -0.065133, -0.131448
-0.078465, -0.052131, -0.169992, -0.239896, -0.054394, -0.145793
-0.081480, -0.037985, -0.156546, -0.256408, -0.038639, -0.137913
-0.105960, -0.045607, -0.160339, -0.307725, -0.038762, -0.159043
-0.103950, -0.037922, -0.219111, -0.106353, -0.037717, -0.219088
-0.103295, -0.036548, -0.225167, -0.110944, -0.032582, -0.239918
-0.095419, -0.032692, -0.236114, -0.294147, -0.027874, -0.248217
-0.091189, -0.030001, -0.245774, -0.292604, -0.032391, -0.261593
-0.084883, -0.032171, -0.254571, -0.268909, -0.034754, -0.251526
-0.077221, -0.032713, -0.263098, -0.240160, -0.032797, -0.260038
-0.074816, -0.037202, -0.267618, -0.232946, -0.041453, -0.265520
-0.070532, -0.041183, -0.269220, -0.215573, -0.045870, -0.230733
-0.065376, -0.048808, -0.271106, -0.209810, -0.056955, -0.244057
-0.064524, -0.062643, -0.271764, -0.203866, -0.071304, -0.234189
-0.066661, -0.076441, -0.267532, -0.234973, -0.087557, -0.249862
-0.067577, -0.084213, -0.264240, -0.239599, -0.096437, -0.259057
-0.068303, -0.090366, -0.260347, -0.228591, -0.100535, -0.245638
-0.067994, -0.094415, -0.256362, -0.214322, -0.094901, -0.218472
-0.067162, -0.096226, -0.253499, -0.216756, -0.093276, -0.211312
-0.066232, -0.099471, -0.251852, -0.215814, -0.090348, -0.197444
-0.062962, -0.097617, -0.247832, -0.215997, -0.086900, -0.193623
-0.070099, -0.092540, -0.243236, -0.223430, -0.079724, -0.190630
-0.080424, -0.082479, -0.235179, -0.224458, -0.074445, -0.185298
-0.084954, -0.074345, -0.223613, -0.226959, -0.070921, -0.169706
-0.083785, -0.062665, -0.217305, -0.251275, -0.055033, -0.179168
-0.092824, -0.058193, -0.218282, -0.264169, -0.055990, -0.186137
-0.092768, -0.050972, -0.223292, -0.264654, -0.050407, -0.194191
-0.091721, -0.044915, -0.225636, -0.251014, -0.042367, -0.183038
-0.091789, -0.041176, -0.230567, -0.251823, -0.036973, -0.193448
-0.091793, -0.038048, -0.234976, -0.248765, -0.035207, -0.201081
-0.089778, -0.039398, -0.238711, -0.258208, -0.039042, -0.215633
-0.089137, -0.042747, -0.243874, -0.257160, -0.043149, -0.218884
-0.090080, -0.047894, -0.249832, -0.254904, -0.049781, -0.222643
-0.085536, -0.055072, -0.254962, -0.256905, -0.054398, -0.224063
-0.081217, -0.062493, -0.260848, -0.236985, -0.057717, -0.223395
-0.081553, -0.073859, -0.262933, -0.209560, -0.063453, -0.196512
-0.078296, -0.081328, -0.264626, -0.212241, -0.070370, -0.207816
-0.073861, -0.090084, -0.272381, -0.192728, -0.072034, -0.195697
-0.078643, -0.096651, -0.268436, -0.238793, -0.097649, -0.238790
-0.082236, -0.100149, -0.259998, -0.242348, -0.106214, -0.235016
-0.081442, -0.103653, -0.254277, -0.233916, -0.103138, -0.217089
-0.077874, -0.104761, -0.248334, -0.229666, -0.099004, -0.198423
-0.079880, -0.105700, -0.243898, -0.231451, -0.107189, -0.196332
-0.073904, -0.100133, -0.231968, -0.226947, -0.093645, -0.175199
-0.075965, -0.096869, -0.230078, -0.215561, -0.077465, -0.168609
-0.087832, -0.081612, -0.223615, -0.231869, -0.075342, -0.177124
-0.095977, -0.072424, -0.219534, -0.254681, -0.064255, -0.171229
-0.097114, -0.062246, -0.213927, -0.284555, -0.047304, -0.170275
-0.102608, -0.055173, -0.208905, -0.307881, -0.060197, -0.193043
-0.103292, -0.046018, -0.203477, -0.271843, -0.045172, -0.170885
-0.105254, -0.036542, -0.204975, -0.262288, -0.035852, -0.167028
-0.106609, -0.031177, -0.210297, -0.257781, -0.030130, -0.172321
-0.107391, -0.025122, -0.218102, -0.260115, -0.024635, -0.180035
-0.106977, -0.025301, -0.224078, -0.275761, -0.025733, -0.201810
-0.103077, -0.027559, -0.230939, -0.287694, -0.027968, -0.225586
-0.101444, -0.030706, -0.238794, -0.276949, -0.030096, -0.217722
-0.098661, -0.039710, -0.247507, -0.252984, -0.035900, -0.207126
-0.092160, -0.045937, -0.257344, -0.246173, -0.042921, -0.217955
-0.091431, -0.053155, -0.260377, -0.242825, -0.050645, -0.227932
-0.090299, -0.063713, -0.262333, -0.244566, -0.065804, -0.238274
-0.090081, -0.073251, -0.266506, -0.259860, -0.084743, -0.271593
-0.087363, -0.080537, -0.265735, -0.275485, -0.099464, -0.279314
-0.084319, -0.090888, -0.264092, -0.264913, -0.109090, -0.269302
-0.081075, -0.098354, -0.260715, -0.251677, -0.113029, -0.253607
-0.077504, -0.108279, -0.258938, -0.229959, -0.109114, -0.225253
-0.076894, -0.112982, -0.257731, -0.230425, -0.111520, -0.220192
-0.077437, -0.114333, -0.254834, -0.216604, -0.104562, -0.205511
-0.081021, -0.111800, -0.247383, -0.229448, -0.102873, -0.197396
-0.081228, -0.106400, -0.235734, -0.233668, -0.094847, -0.183884
-0.081487, -0.101376, -0.223323, -0.229500, -0.085712, -0.167409
-0.079864, -0.087701, -0.211532, -0.245265, -0.092637, -0.167920
-0.076474, -0.071594, -0.200288, -0.235175, -0.066471, -0.162095
-0.087923, -0.053383, -0.195815, -0.253827, -0.047755, -0.169716
-0.096673, -0.037696, -0.192398, -0.266317, -0.032047, -0.162067
-0.110571, -0.036646, -0.199371, -0.334408, -0.028999, -0.222899
-0.108058, -0.033929, -0.196130, -0.298001, -0.029354, -0.164682
-0.107459, -0.034342, -0.201758, -0.275611, -0.039621, -0.173644
-0.106620, -0.030128, -0.201685, -0.260805, -0.031402, -0.161649
-0.105018, -0.026620, -0.203115, -0.244131, -0.027695, -0.158163
-0.107066, -0.026317, -0.209981, -0.251400, -0.025790, -0.175873
-0.104861, -0.025242, -0.218603, -0.248180, -0.025484, -0.178121
-0.100059, -0.026064, -0.225374, -0.257418, -0.025558, -0.197655
-0.095973, -0.028615, -0.231192, -0.262193, -0.028976, -0.207864
-0.093071, -0.032304, -0.238218, -0.262621, -0.032507, -0.219846
-0.091312, -0.037839, -0.242233, -0.266147, -0.038626, -0.228668
-0.088955, -0.043374, -0.247765, -0.270267, -0.042763, -0.242753
-0.086084, -0.052148, -0.252967, -0.261876, -0.053002, -0.243199
-0.089150, -0.063143, -0.257971, -0.265755, -0.064925, -0.251151
-0.087924, -0.070982, -0.260823, -0.262096, -0.076301, -0.260371
-0.084458, -0.078905, -0.263725, -0.258955, -0.084490, -0.264338
-0.080801, -0.085571, -0.265446, -0.254888, -0.094632, -0.270351
-0.076111, -0.092530, -0.266092, -0.243702, -0.100335, -0.266289
-0.068313, -0.099200, -0.270377, -0.228004, -0.099550, -0.246440
-0.060161, -0.103522, -0.273250, -0.217211, -0.099920, -0.235990
-0.055875, -0.107993, -0.274162, -0.214888, -0.105464, -0.240312
-0.051828, -0.113254, -0.274725, -0.208017, -0.109035, -0.235710
-0.048592, -0.117090, -0.273803, -0.210651, -0.115887, -0.244274
-0.044482, -0.120240, -0.272527, -0.215148, -0.123870, -0.253635
-0.040668, -0.121834, -0.270621, -0.210301, -0.124845, -0.254744
-0.037337, -0.123322, -0.267998, -0.205905, -0.127116, -0.256085
-0.035027, -0.123256, -0.266610, -0.210554, -0.128364, -0.258349
-0.032898, -0.123719, -0.263517, -0.207254, -0.130485, -0.259147
-0.032115, -0.122782, -0.261219, -0.204389, -0.130189, -0.256902
-0.031029, -0.122178, -0.258820, -0.209958, -0.132863, -0.260927
-0.030477, -0.122075, -0.257844, -0.212891, -0.134239, -0.264564
-0.030699, -0.122066, -0.254974, -0.214498, -0.137085, -0.267464
-0.030520, -0.121165, -0.253158, -0.211658, -0.136194, -0.263891
-0.030230, -0.121003, -0.251138, -0.209223, -0.137193, -0.266583
-0.030321, -0.120205, -0.250466, -0.219280, -0.139573, -0.273284
-0.030465, -0.119589, -0.248393, -0.213905, -0.137089, -0.265621
-0.030489, -0.118768, -0.248071, -0.214008, -0.130204, -0.250384
-0.032992, -0.121406, -0.249814, -0.205358, -0.128630, -0.240724
-0.035608, -0.123554, -0.250710, -0.209516, -0.130716, -0.239637
-0.037363, -0.124390, -0.253287, -0.206888, -0.127983, -0.238902
-0.041360, -0.128762, -0.252341, -0.220900, -0.135599, -0.247227
-0.041862, -0.130145, -0.249662, -0.220000, -0.135329, -0.240888
-0.042613, -0.128459, -0.249544, -0.220024, -0.132522, -0.239610
-0.044320, -0.126578, -0.249490, -0.216183, -0.128050, -0.230659
-0.047614, -0.125912, -0.249992, -0.218392, -0.128100, -0.232481
-0.051099, -0.127138, -0.252037, -0.218484, -0.129983, -0.236281
-0.057895, -0.130483, -0.251641, -0.237639, -0.138885, -0.251759
-0.057894, -0.130747, -0.255260, -0.230540, -0.139352, -0.252871
-0.056011, -0.128286, -0.252499, -0.239105, -0.146180, -0.262476
-0.056560, -0.128139, -0.252137, -0.223752, -0.135110, -0.241641
-0.056976, -0.127973, -0.252694, -0.218849, -0.132768, -0.235946
-0.057373, -0.127825, -0.252584, -0.218827, -0.132328, -0.233882
-0.055926, -0.127513, -0.254325, -0.213679, -0.130196, -0.227232
-0.051727, -0.127878, -0.255066, -0.227031, -0.137174, -0.240117
-0.053408, -0.130962, -0.250672, -0.233738, -0.143843, -0.250277
-0.053752, -0.130898, -0.249401, -0.224117, -0.135826, -0.233265
-0.053397, -0.130170, -0.248500, -0.222787, -0.134983, -0.230559
-0.055405, -0.130890, -0.248460, -0.221915, -0.132438, -0.224618
-0.060337, -0.134740, -0.246716, -0.231897, -0.142128, -0.237317
-0.065175, -0.136094, -0.241836, -0.235054, -0.146862, -0.247768
-0.065615, -0.135392, -0.239679, -0.255554, -0.159107, -0.266213
-0.062198, -0.131824, -0.239682, -0.244584, -0.150410, -0.256524
-0.060383, -0.130030, -0.242797, -0.234698, -0.138151, -0.236216
-0.057928, -0.129752, -0.244230, -0.230586, -0.136012, -0.229898
-0.060336, -0.127707, -0.242085, -0.231664, -0.136484, -0.227482
-0.063269, -0.129831, -0.240270, -0.232208, -0.135837, -0.224802
-0.062332, -0.127686, -0.240168, -0.215398, -0.126541, -0.205189
-0.062871, -0.128638, -0.239201, -0.220094, -0.127202, -0.205065
-0.068417, -0.130296, -0.238850, -0.220366, -0.129892, -0.209619
-0.073974, -0.135212, -0.240267, -0.233834, -0.140476, -0.226939
-0.074453, -0.133937, -0.238938, -0.259540, -0.158119, -0.260748
-0.071226, -0.132218, -0.240221, -0.247626, -0.145587, -0.239743
-0.072251, -0.129789, -0.241587, -0.247108, -0.139679, -0.234726
-0.072786, -0.127769, -0.243799, -0.247294, -0.135469, -0.230719
-0.072800, -0.127785, -0.243813, -0.241975, -0.133471, -0.227735
-0.073003, -0.127844, -0.243766, -0.242838, -0.134547, -0.232847
-0.073164, -0.128162, -0.243723, -0.239299, -0.135707, -0.228117
-0.073442, -0.128616, -0.243927, -0.237091, -0.133719, -0.223427
-0.073526, -0.128817, -0.243964, -0.238704, -0.133282, -0.220529
-0.073651, -0.129422, -0.244336, -0.238460, -0.132583, -0.217650
-0.073370, -0.129523, -0.244544, -0.238074, -0.132314, -0.219124
-0.073283, -0.129484, -0.244680, -0.237652, -0.132402, -0.219483
-0.073136, -0.129358, -0.245119, -0.237662, -0.131748, -0.216830
-0.072782, -0.129329, -0.245537, -0.232335, -0.131244, -0.215103
-0.072862, -0.127364, -0.245815, -0.237101, -0.130811, -0.219586
-0.072630, -0.126603, -0.246615, -0.237926, -0.130264, -0.223793
-0.072496, -0.125618, -0.247249, -0.232577, -0.126511, -0.215856
-0.072436, -0.124282, -0.247849, -0.232524, -0.125639, -0.214406
-0.072697, -0.122191, -0.248516, -0.232367, -0.124227, -0.213920
-0.073147, -0.120525, -0.247570, -0.232075, -0.124227, -0.212109
-0.072166, -0.119133, -0.248442, -0.234216, -0.121681, -0.213553
-0.071681, -0.119456, -0.247946, -0.234603, -0.122278, -0.213787
-0.071349, -0.120075, -0.246718, -0.235237, -0.123453, -0.212651
-0.071053, -0.120091, -0.246918, -0.239160, -0.125992, -0.219319
-0.070098, -0.119493, -0.245493, -0.233486, -0.123791, -0.214067
-0.069112, -0.118247, -0.244086, -0.222712, -0.117522, -0.201126
-0.067487, -0.117956, -0.243269, -0.232174, -0.121203, -0.213292
-0.066599, -0.116895, -0.243180, -0.227504, -0.117619, -0.213794
-0.065504, -0.117536, -0.244755, -0.212872, -0.111531, -0.199584
-0.063213, -0.115188, -0.245809, -0.201255, -0.107151, -0.189540
-0.061923, -0.115980, -0.245344, -0.211293, -0.112386, -0.201128
-0.059080, -0.117188, -0.245225, -0.207089, -0.111141, -0.192918
-0.056736, -0.118438, -0.244750, -0.213524, -0.114143, -0.197134
-0.054298, -0.119756, -0.243979, -0.207408, -0.112673, -0.187914
-0.054120, -0.121786, -0.244783, -0.207351, -0.112865, -0.190070
-0.054206, -0.124656, -0.241088, -0.210676, -0.116816, -0.191432
-0.055147, -0.124240, -0.241176, -0.199763, -0.112228, -0.183459
-0.055757, -0.124410, -0.241691, -0.201304, -0.113439, -0.188786
-0.055942, -0.123927, -0.241197, -0.212829, -0.118611, -0.202955
-0.053881, -0.123525, -0.241511, -0.215820, -0.121596, -0.215170
-0.053064, -0.123546, -0.241075, -0.217757, -0.123563, -0.217824
-0.051964, -0.123144, -0.240788, -0.219414, -0.125688, -0.224950
-0.051593, -0.122836, -0.240205, -0.219644, -0.122311, -0.217082
-0.051048, -0.122751, -0.239967, -0.216560, -0.122438, -0.215819
-0.050906, -0.122560, -0.239916, -0.213680, -0.122714, -0.217517
-0.050421, -0.122468, -0.241312, -0.217226, -0.123324, -0.218351
-0.050023, -0.122105, -0.241866, -0.214546, -0.123131, -0.217079
-0.049557, -0.120792, -0.242393, -0.213226, -0.119276, -0.212771
-0.048948, -0.120115, -0.242529, -0.204410, -0.117188, -0.204284
-0.048488, -0.119560, -0.241561, -0.205744, -0.117696, -0.204759
-0.048146, -0.118316, -0.241660, -0.207985, -0.116118, -0.206121
-0.047935, -0.116777, -0.241400, -0.199216, -0.113029, -0.198950
-0.048156, -0.115425, -0.242344, -0.197743, -0.110328, -0.200072
-0.047971, -0.114175, -0.243427, -0.195824, -0.109204, -0.198602
-0.048652, -0.112327, -0.242552, -0.193837, -0.107299, -0.191393
-0.050601, -0.109976, -0.242634, -0.192075, -0.104663, -0.186919
-0.050633, -0.110029, -0.240634, -0.198330, -0.107579, -0.195791
-0.051231, -0.109810, -0.238325, -0.194568, -0.105759, -0.188933
-0.052522, -0.109411, -0.236223, -0.202902, -0.108611, -0.190637
-0.054034, -0.107963, -0.235154, -0.189351, -0.103084, -0.181746
-0.052517, -0.110293, -0.232500, -0.193415, -0.106065, -0.186038
-0.051174, -0.111566, -0.226779, -0.196893, -0.109223, -0.184380
-0.050013, -0.110891, -0.223163, -0.190440, -0.106806, -0.177629
-0.049912, -0.110997, -0.219120, -0.191927, -0.109298, -0.177434
-0.049696, -0.110533, -0.218053, -0.196111, -0.112571, -0.189189
-0.049057, -0.111749, -0.216190, -0.194328, -0.112570, -0.181469
-0.047724, -0.111066, -0.217106, -0.188000, -0.108019, -0.174190
-0.045893, -0.111726, -0.218217, -0.189883, -0.104268, -0.166575
-0.046489, -0.113211, -0.215082, -0.187609, -0.106493, -0.168339
-0.045554, -0.111322, -0.219589, -0.183989, -0.105829, -0.180548
-0.045601, -0.113549, -0.213177, -0.193342, -0.111088, -0.179265
-0.044535, -0.114868, -0.214518, -0.188678, -0.113176, -0.184531
-0.043392, -0.114253, -0.214801, -0.186858, -0.111776, -0.180440
-0.043050, -0.111415, -0.215945, -0.195033, -0.112863, -0.186969
-0.045684, -0.111710, -0.214622, -0.209690, -0.119990, -0.205428
-0.046276, -0.111195, -0.213242, -0.210610, -0.117356, -0.201984
-0.047020, -0.111346, -0.212343, -0.214729, -0.119140, -0.201275
-0.047724, -0.111754, -0.212254, -0.216487, -0.123410, -0.212179
-0.048086, -0.112070, -0.212011, -0.224111, -0.127588, -0.222047
-0.048291, -0.112565, -0.211915, -0.226897, -0.127106, -0.217149
-0.048560, -0.112798, -0.211891, -0.221743, -0.127212, -0.216677
-0.048721, -0.112830, -0.213076, -0.231761, -0.132194, -0.231860
-0.048764, -0.112737, -0.214102, -0.231175, -0.131128, -0.233247
-0.048476, -0.112086, -0.216321, -0.230885, -0.130981, -0.236644
-0.048225, -0.112085, -0.217201, -0.225986, -0.129000, -0.233555
-0.048260, -0.111335, -0.218837, -0.230239, -0.129413, -0.240122
-0.048232, -0.110784, -0.220707, -0.233775, -0.129245, -0.244795
-0.048706, -0.110302, -0.221558, -0.230626, -0.128149, -0.246118
-0.048547, -0.110129, -0.222443, -0.229564, -0.127476, -0.246799
-0.049016, -0.109692, -0.222928, -0.228723, -0.124691, -0.242266
-0.049131, -0.109681, -0.223360, -0.234399, -0.126915, -0.245667
-0.049270, -0.109428, -0.224225, -0.229675, -0.123638, -0.242757
-0.049327, -0.109374, -0.224354, -0.234041, -0.126174, -0.245290
-0.049367, -0.109381, -0.224370, -0.233030, -0.125650, -0.245064
-0.050259, -0.110196, -0.224059, -0.240934, -0.132574, -0.256539
-0.050323, -0.110262, -0.224032, -0.240773, -0.129278, -0.250764
-0.050898, -0.110939, -0.223772, -0.234943, -0.130980, -0.250242
-0.051247, -0.111265, -0.223351, -0.236160, -0.132666, -0.254899
-0.051712, -0.111988, -0.222336, -0.240421, -0.134523, -0.247987
-0.052426, -0.113376, -0.220596, -0.238706, -0.136697, -0.248542
-0.053005, -0.115569, -0.218461, -0.239122, -0.140599, -0.246008
-0.053188, -0.116110, -0.217868, -0.242592, -0.142990, -0.243785
-0.053384, -0.116545, -0.217264, -0.242001, -0.143475, -0.241687
-0.054216, -0.118752, -0.214433, -0.246517, -0.148893, -0.238968
-0.054555, -0.119457, -0.213363, -0.242110, -0.151403, -0.230794
-0.055546, -0.120999, -0.210348, -0.241718, -0.150065, -0.237349
-0.055775, -0.121312, -0.209623, -0.234933, -0.148560, -0.224991
-0.055935, -0.121429, -0.209225, -0.242114, -0.147239, -0.225203
-0.056360, -0.121508, -0.208159, -0.222043, -0.139157, -0.199478
-0.057110, -0.121709, -0.206338, -0.225598, -0.138758, -0.199829
-0.058266, -0.122130, -0.202448, -0.224042, -0.137396, -0.192430
-0.058646, -0.122096, -0.201265, -0.202295, -0.130223, -0.173711
-0.058878, -0.122123, -0.200180, -0.202689, -0.130330, -0.174206
-0.059109, -0.122064, -0.199040, -0.205471, -0.132612, -0.175244
-0.059108, -0.121990, -0.198509, -0.209371, -0.130131, -0.176725
-0.058561, -0.121069, -0.196951, -0.209272, -0.128539, -0.175110
-0.060428, -0.121010, -0.197291, -0.207588, -0.127563, -0.182529
-0.062986, -0.122656, -0.200468, -0.214295, -0.127667, -0.186579
-0.064961, -0.124680, -0.202554, -0.215891, -0.130958, -0.188370
-0.066126, -0.125695, -0.205548, -0.214803, -0.129410, -0.187576
-0.066523, -0.124820, -0.208935, -0.209358, -0.125909, -0.185336
-0.066596, -0.124976, -0.209138, -0.212545, -0.126169, -0.184977
-0.068812, -0.125473, -0.210123, -0.212795, -0.123912, -0.177509
-0.068543, -0.125855, -0.210245, -0.214393, -0.127174, -0.182510
-0.067681, -0.125302, -0.210725, -0.212203, -0.124601, -0.178251
-0.068038, -0.126112, -0.211606, -0.213127, -0.127037, -0.181221
-0.068151, -0.125886, -0.213104, -0.212063, -0.124664, -0.179296
-0.068507, -0.126134, -0.214342, -0.208932, -0.124282, -0.180197
-0.069185, -0.127062, -0.216970, -0.209721, -0.125019, -0.181246
-0.069442, -0.126670, -0.216264, -0.204214, -0.122178, -0.171604
-0.069809, -0.127441, -0.218722, -0.210149, -0.123204, -0.177015
-0.073273, -0.131295, -0.221085, -0.215080, -0.127834, -0.182936
-0.075641, -0.134481, -0.222807, -0.234200, -0.139850, -0.195916
-0.077485, -0.135871, -0.223385, -0.222122, -0.138911, -0.192090
-0.076609, -0.139388, -0.226933, -0.226105, -0.145297, -0.205046
-0.075429, -0.140511, -0.229259, -0.212989, -0.144394, -0.198134
-0.076266, -0.142238, -0.231151, -0.224196, -0.150059, -0.205962
-0.076554, -0.141841, -0.231513, -0.209442, -0.144941, -0.195711
-0.077284, -0.141687, -0.233986, -0.220996, -0.147742, -0.204296
-0.077542, -0.138665, -0.235488, -0.237890, -0.145423, -0.214998
-0.077429, -0.138466, -0.235765, -0.223772, -0.141521, -0.210824
-0.077179, -0.138204, -0.236079, -0.233933, -0.143831, -0.217549
-0.076788, -0.137831, -0.236865, -0.223900, -0.140565, -0.211615
-0.075645, -0.135931, -0.237948, -0.235467, -0.142433, -0.219873
-0.075415, -0.135967, -0.238481, -0.235664, -0.142155, -0.225081
-0.073652, -0.134665, -0.242224, -0.236014, -0.141459, -0.226149
-0.073211, -0.135250, -0.243177, -0.239505, -0.143771, -0.229324
-0.071271, -0.137465, -0.247071, -0.239857, -0.146333, -0.233892
-0.071057, -0.137236, -0.249847, -0.239800, -0.144999, -0.237620
-0.070044, -0.136699, -0.252780, -0.239315, -0.145028, -0.242449
-0.062352, -0.141229, -0.258689, -0.238479, -0.154084, -0.258883
-0.056147, -0.142129, -0.264232, -0.229133, -0.151468, -0.257285
-0.053622, -0.142575, -0.268008, -0.227477, -0.152014, -0.262697
-0.047283, -0.144738, -0.270187, -0.222691, -0.156984, -0.269806
-0.045452, -0.145645, -0.272326, -0.221650, -0.159400, -0.275416
-0.042284, -0.147827, -0.275193, -0.218486, -0.160909, -0.276708
-0.033399, -0.154221, -0.278685, -0.212017, -0.168713, -0.282298
-0.032150, -0.154723, -0.279369, -0.204649, -0.166868, -0.280357
-0.030822, -0.155989, -0.280511, -0.202286, -0.167602, -0.278527
-0.028833, -0.159117, -0.280790, -0.204908, -0.172566, -0.278969
-0.027874, -0.160772, -0.282065, -0.208659, -0.175478, -0.286687
-0.027325, -0.161198, -0.282182, -0.203387, -0.173650, -0.279728
-0.027249, -0.160981, -0.281861, -0.195109, -0.165800, -0.266640
-0.027070, -0.160790, -0.282257, -0.189257, -0.164472, -0.262168
-0.026563, -0.160077, -0.281379, -0.191781, -0.162237, -0.258319
-0.022730, -0.163653, -0.276115, -0.182909, -0.161276, -0.243259
-0.020318, -0.165006, -0.271327, -0.187670, -0.164721, -0.243920
-0.019309, -0.164080, -0.267011, -0.176516, -0.159207, -0.233723
-0.018348, -0.165917, -0.264161, -0.178456, -0.168958, -0.243372
-0.017781, -0.165892, -0.262264, -0.182232, -0.165185, -0.234381
-0.018579, -0.168014, -0.260939, -0.181839, -0.168858, -0.236068
-0.019119, -0.168621, -0.260035, -0.181206, -0.165409, -0.227581
-0.020275, -0.169255, -0.258714, -0.186946, -0.171422, -0.235078
-0.019913, -0.169427, -0.258440, -0.182235, -0.166904, -0.227981
-0.020438, -0.170652, -0.256755, -0.186923, -0.174921, -0.237295
-0.021609, -0.170654, -0.255464, -0.186658, -0.171642, -0.228907
-0.022759, -0.171465, -0.254742, -0.187556, -0.174877, -0.233586
-0.023727, -0.171319, -0.254056, -0.188121, -0.174736, -0.232882
-0.023906, -0.171918, -0.254078, -0.185765, -0.174226, -0.231381
-0.024972, -0.171397, -0.254384, -0.185845, -0.173759, -0.233815
-0.024725, -0.171860, -0.254804, -0.187369, -0.174593, -0.234779
-0.024658, -0.171322, -0.254451, -0.189867, -0.171931, -0.230666
-0.024821, -0.170251, -0.253412, -0.186571, -0.170575, -0.228380
-0.023678, -0.169466, -0.253502, -0.184997, -0.171712, -0.233363
-0.024079, -0.169752, -0.253650, -0.189708, -0.175775, -0.238229
-0.023356, -0.168964, -0.254034, -0.182028, -0.167697, -0.225769
-0.024026, -0.168668, -0.254215, -0.182470, -0.164761, -0.223965
-0.024199, -0.169480, -0.253201, -0.183243, -0.167036, -0.226330
-0.024062, -0.169201, -0.254037, -0.181051, -0.163857, -0.224846
-0.024250, -0.171430, -0.255049, -0.186243, -0.171742, -0.234630
-0.024258, -0.173960, -0.256695, -0.188503, -0.177042, -0.239575
-0.025027, -0.174422, -0.259048, -0.192179, -0.177569, -0.243303
-0.028849, -0.175683, -0.261364, -0.189809, -0.174027, -0.238821
-0.028444, -0.176813, -0.264525, -0.198369, -0.181679, -0.253488
-0.029772, -0.175187, -0.264537, -0.183287, -0.174338, -0.240331
-0.029128, -0.172870, -0.268018, -0.190603, -0.173833, -0.250372
-0.030333, -0.172053, -0.269926, -0.201251, -0.178337, -0.260085
-0.030395, -0.171350, -0.268924, -0.196111, -0.171711, -0.244125
-0.030221, -0.170512, -0.270022, -0.190166, -0.169108, -0.242401
-0.028116, -0.169922, -0.269935, -0.189144, -0.172590, -0.249647
-0.027564, -0.170442, -0.270427, -0.188454, -0.174062, -0.250846
-0.027470, -0.171576, -0.269629, -0.194562, -0.179665, -0.257231
-0.027220, -0.171763, -0.270504, -0.201010, -0.181250, -0.266577
-0.029360, -0.171563, -0.270427, -0.203293, -0.181760, -0.266467
-0.030935, -0.170638, -0.271291, -0.205064, -0.182001, -0.272428
-0.031301, -0.170129, -0.271109, -0.204609, -0.181442, -0.272669
-0.032106, -0.169875, -0.270578, -0.200273, -0.175521, -0.256490
-0.032412, -0.170719, -0.271204, -0.205378, -0.178908, -0.264208
-0.032793, -0.170857, -0.271879, -0.200529, -0.177247, -0.260770
-0.033129, -0.171324, -0.272401, -0.206976, -0.181601, -0.270044
-0.033308, -0.171371, -0.272773, -0.201598, -0.176041, -0.258507
-0.033723, -0.171351, -0.272590, -0.201644, -0.176451, -0.256908
-0.034528, -0.171719, -0.272714, -0.201454, -0.177257, -0.259787
-0.035494, -0.171097, -0.273119, -0.204618, -0.177031, -0.261459
-0.038525, -0.169749, -0.271830, -0.207459, -0.178268, -0.263944
-0.040425, -0.170242, -0.271595, -0.214716, -0.178191, -0.262112
-0.041720, -0.170715, -0.270761, -0.211962, -0.177196, -0.258969
-0.044933, -0.170161, -0.269656, -0.216962, -0.180044, -0.262658
-0.046746, -0.169558, -0.268559, -0.220530, -0.181098, -0.264019
-0.048199, -0.169872, -0.267680, -0.224126, -0.181661, -0.264365
-0.051063, -0.169232, -0.266433, -0.222613, -0.179128, -0.258684
-0.054306, -0.168934, -0.266585, -0.224201, -0.178730, -0.259418
-0.055604, -0.169106, -0.265478, -0.228333, -0.177188, -0.253683
-0.058153, -0.169559, -0.266151, -0.234411, -0.180031, -0.260061
-0.059115, -0.169973, -0.264768, -0.230327, -0.177558, -0.250355
-0.060652, -0.170167, -0.264020, -0.230913, -0.178495, -0.252455
-0.061895, -0.170140, -0.263380, -0.231853, -0.178124, -0.250367
-0.062036, -0.170826, -0.262937, -0.234279, -0.179663, -0.251666
-0.062554, -0.171336, -0.262706, -0.235272, -0.180030, -0.250357
-0.063779, -0.172387, -0.261829, -0.232085, -0.180249, -0.246618
-0.064285, -0.171819, -0.261278, -0.231518, -0.177454, -0.242224
-0.064308, -0.172142, -0.261219, -0.231927, -0.179109, -0.243818
-0.064211, -0.172464, -0.260830, -0.231969, -0.180148, -0.243959
-0.064094, -0.172770, -0.261666, -0.229755, -0.177742, -0.241880
-0.064187, -0.172552, -0.261394, -0.232499, -0.177250, -0.240880
-0.064376, -0.172439, -0.261429, -0.232617, -0.180796, -0.247467
-0.064479, -0.172095, -0.261296, -0.233662, -0.181804, -0.250437
-0.064414, -0.171578, -0.261702, -0.233066, -0.178111, -0.245297
-0.064904, -0.170422, -0.261894, -0.238388, -0.179347, -0.249224
-0.064604, -0.169752, -0.261928, -0.235088, -0.178202, -0.251496
-0.065186, -0.169157, -0.262691, -0.239092, -0.178894, -0.252244
-0.064899, -0.169137, -0.263344, -0.239076, -0.176982, -0.251320
-0.064997, -0.168128, -0.262505, -0.237590, -0.177468, -0.251577
-0.065608, -0.166319, -0.261840, -0.236770, -0.173687, -0.249224
-0.063948, -0.161849, -0.260322, -0.241323, -0.170470, -0.246600
-0.060258, -0.163947, -0.256976, -0.228099, -0.166787, -0.232592
-0.056249, -0.161221, -0.254088, -0.217258, -0.158899, -0.221627
-0.053729, -0.158714, -0.251397, -0.216362, -0.155636, -0.217316
-0.051952, -0.158990, -0.248649, -0.212081, -0.158231, -0.217130
-0.052372, -0.158873, -0.247489, -0.214581, -0.160747, -0.219403
-0.051879, -0.158926, -0.247340, -0.207879, -0.157017, -0.209267
-0.051991, -0.160158, -0.246730, -0.208929, -0.160317, -0.213525
-0.052614, -0.160322, -0.245415, -0.218230, -0.161885, -0.214005
-0.053296, -0.159946, -0.245136, -0.215124, -0.159551, -0.212527
-0.053997, -0.159547, -0.244032, -0.217628, -0.159583, -0.212865
-0.055188, -0.158823, -0.242433, -0.217931, -0.156395, -0.206534
-0.057367, -0.158488, -0.240636, -0.214245, -0.157196, -0.205003
-0.059994, -0.158755, -0.239144, -0.213549, -0.157097, -0.203301
-0.066407, -0.160572, -0.241283, -0.214095, -0.155389, -0.203621
-0.073882, -0.165488, -0.245311, -0.218176, -0.158040, -0.205135
-0.078715, -0.168855, -0.247319, -0.235350, -0.171329, -0.223171
-0.076221, -0.166103, -0.247443, -0.248116, -0.179725, -0.239659
-0.072645, -0.161360, -0.246731, -0.230787, -0.164303, -0.218353
-0.070357, -0.158790, -0.244619, -0.221843, -0.155182, -0.201976
-0.068932, -0.156619, -0.240625, -0.214545, -0.147834, -0.185008
-0.067832, -0.155680, -0.237003, -0.212588, -0.147140, -0.183742
-0.067220, -0.155948, -0.232225, -0.208917, -0.144996, -0.174918
-0.067836, -0.155820, -0.227859, -0.208107, -0.144708, -0.170578
-0.068679, -0.154032, -0.224265, -0.209806, -0.143186, -0.169281
-0.068885, -0.153057, -0.222192, -0.214600, -0.143395, -0.170300
-0.068239, -0.150814, -0.217323, -0.212967, -0.142747, -0.169883
-0.065966, -0.150311, -0.212272, -0.215986, -0.146414, -0.174669
-0.064451, -0.148147, -0.208086, -0.212002, -0.145096, -0.173504
-0.062423, -0.146668, -0.205150, -0.212811, -0.144291, -0.171655
-0.061166, -0.145733, -0.203416, -0.207223, -0.141918, -0.167796
-0.059612, -0.145553, -0.203022, -0.209561, -0.143472, -0.170002
-0.058106, -0.144124, -0.203175, -0.210495, -0.141995, -0.170198
-0.057389, -0.143972, -0.203003, -0.208362, -0.142756, -0.171413
-0.057506, -0.143763, -0.203097, -0.206638, -0.140887, -0.168778
-0.057586, -0.142490, -0.204576, -0.207583, -0.139361, -0.166858
-0.056649, -0.142082, -0.202170, -0.200859, -0.136372, -0.158913
-0.054780, -0.140093, -0.201480, -0.197947, -0.134513, -0.153795
-0.057221, -0.147769, -0.201243, -0.203529, -0.143521, -0.162308
-0.057880, -0.146701, -0.203313, -0.203489, -0.141790, -0.161980
-0.060290, -0.148552, -0.200631, -0.203883, -0.144179, -0.158415
-0.062072, -0.148877, -0.197094, -0.206602, -0.145394, -0.155562
-0.062656, -0.150992, -0.197201, -0.208161, -0.147274, -0.156503
-0.064117, -0.149052, -0.197381, -0.210053, -0.145505, -0.152662
-0.068376, -0.146710, -0.197337, -0.222815, -0.142805, -0.153136
-0.073752, -0.145222, -0.198594, -0.233842, -0.145248, -0.157866
-0.078592, -0.144039, -0.202663, -0.241598, -0.147848, -0.159787
0.314202, -0.189016, -0.217321, -0.067433, -0.108177, -0.098323
0.308630, -0.184585, -0.221754, -0.063821, -0.092916, -0.100280
0.124892, 0.059421, -0.185513, -0.177934, -0.008524, -0.040466
0.122902, 0.060875, -0.184835, -0.116516, 0.027922, -0.042573
0.123996, 0.054630, -0.198079, -0.182287, 0.072464, -0.240068
0.321696, 0.128313, -0.468874, -0.120121, 0.090893, -0.120244
0.321267, 0.128337, -0.468497, -0.098698, 0.108871, -0.169454
0.321305, 0.128895, -0.468574, 0.077353, 0.158373, -0.505060
7.690347, 8.160620, -72.880447, -0.077081, -0.018174, -0.041571
