-0.028982, -0.125826, -0.281496, 0.689164, 0.666789, -0.280218, -0.043870, -0.024417, -0.121365, -0.270380, 0.544140, 0.486631, 0.224053, -0.645680
-0.030031, -0.123845, -0.282989, 0.693889, 0.655856, -0.294316, -0.041834, -0.024299, -0.122222, -0.275579, 0.562942, 0.454142, 0.207066, -0.658768
-0.028836, -0.124128, -0.284429, 0.702039, 0.659133, -0.265916, -0.044423, -0.034830, -0.134937, -0.310607, 0.500271, 0.548050, 0.269169, -0.613937
-0.029186, -0.123593, -0.285717, 0.715117, 0.651026, -0.247785, -0.058099, -0.034402, -0.130826, -0.305692, -0.496912, -0.550346, -0.265010, 0.616415
-0.029067, -0.124245, -0.285996, 0.721522, 0.642691, -0.253901, -0.043466, -0.027241, -0.123441, -0.282526, 0.503385, 0.551128, 0.268153, -0.609061
-0.029529, -0.124558, -0.286054, 0.728459, 0.635456, -0.251829, -0.046096, -0.033507, -0.128198, -0.296797, 0.500852, 0.542009, 0.257109, -0.623915
-0.030403, -0.124803, -0.286313, 0.737596, 0.624106, -0.254835, -0.038763, -0.036744, -0.130816, -0.301345, -0.498394, -0.542298, -0.262412, 0.623423
-0.031364, -0.125467, -0.287302, 0.749969, 0.611175, -0.249543, -0.041712, -0.034361, -0.131525, -0.299945, 0.504294, 0.542783, 0.264913, -0.617168
-0.032463, -0.125862, -0.287531, 0.757215, 0.599410, -0.258066, -0.027115, -0.038079, -0.133629, -0.306921, -0.495401, -0.546242, -0.263604, 0.621861
-0.032334, -0.126082, -0.286590, 0.762226, 0.594840, -0.253812, -0.027492, -0.036979, -0.130958, -0.298298, 0.501143, 0.537871, 0.256840, -0.627363
-0.031963, -0.126422, -0.287512, 0.763448, 0.592301, -0.256434, -0.023833, -0.038153, -0.135249, -0.311937, -0.497884, -0.543336, -0.260013, 0.623932
-0.032470, -0.125697, -0.288539, 0.768236, 0.584778, -0.259823, -0.018444, -0.034684, -0.130176, -0.298719, -0.497901, -0.549806, -0.259766, 0.618328
-0.033214, -0.126832, -0.288184, 0.753181, 0.603145, -0.261915, -0.018295, -0.042793, -0.137716, -0.319102, -0.495120, -0.540649, -0.264716, 0.626482
-0.034895, -0.128130, -0.288386, 0.758914, 0.595600, -0.263089, -0.009692, -0.043362, -0.135234, -0.309741, -0.496266, -0.534880, -0.258515, 0.633083
-0.035638, -0.128793, -0.288165, 0.759861, 0.593655, -0.264876, 0.005001, -0.042766, -0.136115, -0.311042, 0.500877, 0.530978, 0.266922, -0.629236
-0.036554, -0.127989, -0.288273, 0.755172, 0.600869, -0.261922, 0.008328, -0.043866, -0.133950, -0.308013, -0.498931, -0.533345, -0.273052, 0.626142
-0.037529, -0.127871, -0.287556, 0.747835, 0.612885, -0.254906, 0.011715, -0.045778, -0.131376, -0.302846, 0.517159, 0.493283, 0.260155, -0.649260
-0.039172, -0.127924, -0.288788, 0.753672, 0.608140, -0.248364, 0.021455, -0.045389, -0.131984, -0.305268, 0.504757, 0.520734, 0.280371, -0.628848
-0.041214, -0.126449, -0.288166, 0.748820, 0.615478, -0.245369, 0.015795, -0.044158, -0.125654, -0.289955, 0.506938, 0.514831, 0.274155, -0.634667
-0.042616, -0.123697, -0.288408, 0.750207, 0.614398, -0.242772, 0.027689, -0.045784, -0.124122, -0.296320, 0.509673, 0.512826, 0.290569, -0.626748
-0.043532, -0.122520, -0.287909, 0.732388, 0.641585, -0.227940, 0.004363, -0.047977, -0.123996, -0.294511, 0.513042, 0.502362, 0.294315, -0.630713
-0.045491, -0.119281, -0.288783, 0.741559, 0.629959, -0.229885, 0.019873, -0.047701, -0.119294, -0.292822, 0.504159, 0.519438, 0.309853, -0.616441
-0.045812, -0.117280, -0.288548, 0.729001, 0.643322, -0.232412, 0.026062, -0.048809, -0.118624, -0.297101, 0.505712, 0.513212, 0.317850, -0.616312
-0.046564, -0.114390, -0.288360, 0.727741, 0.647762, -0.224859, 0.015357, -0.046756, -0.111888, -0.283710, -0.493415, -0.534549, -0.316708, 0.608683
-0.046308, -0.112244, -0.288176, 0.720511, 0.655662, -0.224944, 0.019300, -0.046905, -0.110627, -0.286445, -0.495951, -0.529304, -0.324922, 0.606873
-0.046433, -0.109276, -0.288117, 0.722621, 0.653704, -0.223568, 0.022527, -0.048225, -0.107742, -0.286123, -0.495498, -0.523913, -0.326127, 0.611260
-0.046304, -0.108305, -0.287491, 0.714422, 0.659272, -0.232779, 0.027859, -0.050949, -0.109809, -0.294280, 0.505974, 0.506119, 0.326978, -0.617186
-0.046616, -0.106139, -0.287158, 0.714908, 0.661780, -0.224680, 0.021756, -0.049627, -0.106503, -0.289453, -0.495193, -0.523626, -0.333797, 0.607602
-0.045595, -0.103743, -0.286530, 0.721034, 0.655716, -0.222602, 0.024400, -0.048111, -0.104210, -0.289387, -0.496584, -0.524384, -0.340865, 0.601861
-0.044594, -0.102611, -0.284655, 0.718189, 0.657192, -0.226394, 0.032388, -0.045048, -0.102398, -0.280778, 0.502511, 0.520729, 0.340210, -0.600484
-0.043676, -0.101671, -0.283491, 0.718198, 0.659449, -0.219676, 0.032597, -0.047493, -0.101467, -0.285161, 0.511428, 0.500839, 0.334753, -0.612815
-0.043919, -0.102027, -0.283067, 0.721531, 0.660800, -0.205009, 0.026633, -0.044989, -0.101868, -0.281095, 0.507078, 0.514656, 0.346821, -0.598094
-0.043323, -0.101237, -0.282740, 0.712077, 0.669067, -0.212245, 0.015730, -0.045458, -0.102077, -0.283173, 0.501900, 0.521104, 0.342518, -0.599357
-0.042435, -0.100542, -0.284233, 0.714295, 0.663166, -0.221654, 0.029389, -0.046253, -0.101166, -0.291647, 0.502562, 0.518687, 0.352663, -0.594999
-0.042151, -0.103114, -0.283978, 0.713843, 0.663782, -0.220861, 0.032301, -0.045575, -0.106135, -0.289553, 0.521876, 0.492527, 0.337868, -0.609022
-0.041688, -0.102930, -0.284154, 0.716900, 0.659200, -0.225392, 0.026633, -0.043432, -0.104326, -0.281758, 0.513336, 0.508289, 0.341812, -0.601077
-0.040634, -0.104834, -0.284547, 0.730875, 0.647192, -0.213614, 0.036533, -0.040270, -0.105741, -0.281230, 0.522139, 0.503670, 0.340458, -0.598143
-0.040309, -0.104428, -0.286238, 0.740031, 0.633651, -0.221271, 0.043358, -0.033611, -0.101576, -0.270795, 0.520878, 0.516856, 0.344673, -0.585446
-0.039139, -0.106670, -0.286562, 0.745702, 0.620179, -0.234879, 0.064330, -0.032902, -0.103842, -0.277753, 0.532778, 0.500134, 0.324920, -0.600367
-0.037729, -0.111308, -0.284597, 0.754633, 0.599813, -0.246817, 0.099177, -0.035728, -0.107644, -0.274350, 0.542367, 0.479189, 0.309686, -0.616693
-0.035832, -0.114580, -0.284051, 0.777065, 0.545858, -0.269251, 0.160354, -0.035082, -0.111532, -0.278151, 0.551350, 0.456451, 0.296864, -0.632091
-0.034130, -0.113764, -0.284741, 0.782350, 0.494262, -0.306661, 0.222697, -0.032555, -0.105841, -0.269305, 0.548675, 0.445976, 0.283962, -0.647631
-0.031758, -0.116600, -0.278519, 0.780888, 0.439499, -0.330922, 0.295880, -0.035489, -0.111892, -0.275740, 0.536826, 0.441278, 0.270653, -0.666212
-0.031492, -0.115522, -0.272495, 0.773103, 0.372999, -0.363561, 0.361951, -0.031825, -0.108593, -0.262184, 0.531978, 0.436966, 0.248051, -0.681565
-0.033198, -0.113709, -0.271245, 0.766652, 0.305782, -0.386320, 0.411704, -0.032594, -0.105466, -0.252498, -0.499827, -0.456573, -0.232342, 0.698377
-0.033042, -0.111142, -0.276380, 0.728767, 0.177717, -0.415431, 0.514522, -0.034476, -0.103855, -0.261174, -0.467413, -0.405392, -0.208402, 0.757464
-0.036909, -0.116679, -0.267150, 0.614598, 0.048540, -0.469377, 0.632138, -0.040679, -0.113931, -0.262650, -0.432945, -0.382608, -0.207576, 0.789356
-0.038682, -0.121067, -0.264022, 0.521076, -0.046189, -0.505958, 0.685823, -0.043439, -0.126510, -0.283832, -0.402111, -0.426101, -0.214331, 0.781541
-0.039482, -0.124324, -0.262837, 0.459573, -0.100871, -0.548050, 0.691564, -0.044952, -0.128848, -0.282817, -0.373970, -0.462173, -0.213081, 0.775331
-0.040335, -0.128051, -0.262089, 0.419454, -0.121626, -0.562456, 0.702076, -0.042794, -0.133899, -0.283492, -0.371548, -0.483991, -0.227403, 0.758942
-0.040535, -0.131132, -0.263243, 0.378073, -0.142930, -0.575234, 0.711153, -0.043632, -0.138996, -0.285816, -0.385624, -0.474445, -0.237389, 0.754879
-0.040051, -0.134645, -0.264915, 0.324364, -0.166468, -0.583183, 0.725930, -0.043779, -0.144555, -0.294475, -0.388821, -0.479982, -0.252198, 0.744870
-0.037426, -0.137067, -0.267627, 0.273949, -0.184970, -0.596592, 0.731312, -0.039693, -0.144045, -0.289072, -0.399997, -0.461176, -0.254941, 0.749883
-0.035106, -0.138836, -0.270881, 0.240626, -0.196777, -0.598410, 0.738433, -0.037781, -0.146345, -0.294525, -0.403259, -0.475934, -0.270710, 0.733202
-0.034322, -0.142095, -0.271761, 0.234024, -0.185454, -0.598201, 0.743637, -0.040090, -0.153487, -0.303912, -0.423396, -0.442054, -0.268556, 0.743775
-0.031454, -0.144090, -0.273946, 0.225522, -0.172778, -0.604337, 0.744356, -0.032881, -0.151136, -0.294069, -0.439970, -0.430156, -0.273169, 0.739440
-0.027521, -0.144783, -0.276838, 0.208169, -0.153289, -0.597483, 0.759067, -0.028491, -0.148391, -0.288372, -0.448692, -0.431782, -0.287796, 0.727608
-0.026376, -0.145695, -0.278307, 0.195241, -0.149268, -0.586394, 0.771844, -0.028732, -0.152152, -0.296738, -0.478610, -0.368844, -0.271594, 0.749081
-0.027196, -0.147434, -0.277480, 0.184505, -0.149541, -0.584052, 0.776195, -0.033683, -0.161135, -0.311451, -0.485393, -0.356083, -0.282775, 0.746750
-0.027855, -0.148298, -0.276645, 0.178264, -0.137024, -0.576222, 0.785757, -0.037035, -0.160821, -0.312915, 0.503876, 0.320949, 0.286101, -0.749164
-0.028288, -0.146637, -0.276785, 0.167063, -0.143668, -0.571400, 0.790539, -0.032242, -0.157754, -0.309099, -0.496035, -0.347379, -0.292986, 0.739889
-0.026821, -0.145151, -0.276133, 0.147818, -0.138696, -0.572468, 0.794478, -0.030370, -0.154329, -0.301175, 0.510059, 0.322663, 0.289651, -0.742853
-0.026406, -0.142121, -0.278343, 0.129854, -0.146149, -0.557003, 0.807172, -0.027521, -0.145988, -0.296334, 0.501182, 0.342091, 0.294704, -0.738200
-0.025194, -0.139734, -0.281223, 0.121227, -0.137284, -0.555254, 0.811265, -0.026510, -0.141585, -0.293451, -0.498157, -0.350909, -0.313080, 0.728481
-0.024054, -0.137108, -0.282221, 0.105829, -0.136073, -0.552131, 0.815743, -0.026100, -0.139562, -0.293625, -0.495311, -0.360363, -0.321560, 0.722084
-0.023628, -0.135448, -0.283463, 0.115889, -0.108691, -0.549946, 0.819949, -0.023361, -0.137350, -0.293515, -0.497940, -0.375048, -0.344144, 0.702111
-0.023006, -0.133939, -0.284569, 0.117785, -0.098349, -0.547483, 0.822628, -0.022369, -0.134140, -0.290286, -0.491474, -0.385038, -0.350661, 0.698023
-0.022284, -0.132536, -0.284723, 0.122526, -0.082787, -0.530854, 0.834463, -0.023008, -0.135025, -0.293569, -0.490819, -0.390173, -0.352269, 0.694816
-0.022079, -0.131581, -0.284699, 0.128361, -0.075974, -0.515979, 0.843515, -0.024005, -0.134491, -0.295305, -0.497747, -0.371744, -0.343964, 0.704090
-0.021911, -0.130658, -0.283171, 0.122914, -0.073490, -0.508435, 0.849109, -0.023558, -0.133467, -0.292587, 0.503214, 0.363579, 0.340012, -0.706384
-0.020973, -0.128928, -0.281914, 0.114355, -0.074381, -0.505066, 0.852232, -0.021050, -0.131331, -0.291042, 0.511371, 0.355992, 0.336512, -0.706066
-0.020401, -0.128102, -0.280919, 0.113740, -0.073062, -0.493722, 0.859049, -0.024101, -0.132286, -0.293879, 0.507816, 0.357693, 0.338542, -0.706801
-0.020077, -0.127523, -0.279765, 0.100188, -0.078752, -0.494909, 0.859550, -0.021393, -0.129159, -0.286208, 0.513591, 0.351983, 0.337156, -0.706157
-0.020043, -0.126763, -0.279774, 0.096841, -0.078174, -0.490135, 0.862716, -0.022706, -0.128967, -0.287135, 0.504192, 0.363866, 0.344743, -0.703238
-0.020709, -0.126130, -0.277956, 0.100925, -0.074601, -0.490372, 0.862430, -0.022221, -0.129617, -0.288810, 0.512714, 0.353910, 0.339092, -0.704904
-0.020302, -0.125611, -0.276409, 0.094054, -0.073783, -0.483881, 0.866931, -0.024247, -0.130539, -0.292140, 0.508691, 0.359843, 0.346659, -0.701124
-0.021085, -0.124041, -0.275209, 0.094064, -0.075546, -0.480000, 0.868934, -0.024424, -0.129417, -0.290467, 0.508721, 0.359108, 0.348918, -0.700358
-0.021074, -0.124708, -0.273910, 0.098300, -0.065896, -0.475610, 0.871660, -0.026373, -0.130105, -0.290101, 0.517465, 0.342658, 0.349594, -0.701855
-0.021505, -0.124675, -0.272804, 0.103947, -0.070693, -0.475091, 0.870912, -0.026663, -0.128439, -0.284555, 0.507778, 0.344756, 0.337643, -0.713654
-0.022687, -0.124638, -0.271320, 0.104433, -0.088378, -0.472295, 0.870759, -0.028316, -0.129546, -0.286908, -0.496095, -0.349742, -0.329171, 0.723337
-0.024552, -0.125755, -0.268859, 0.134504, -0.096163, -0.488268, 0.856887, -0.029467, -0.132695, -0.290087, -0.471193, -0.381900, -0.334956, 0.721065
-0.026726, -0.125175, -0.269477, 0.144424, -0.117631, -0.506802, 0.841699, -0.032993, -0.127879, -0.280065, -0.451716, -0.398451, -0.323318, 0.729832
-0.027415, -0.125575, -0.268401, 0.150276, -0.120215, -0.521814, 0.831069, -0.032737, -0.128890, -0.280051, -0.442534, -0.419243, -0.332443, 0.719639
-0.031489, -0.125492, -0.269581, 0.157160, -0.141089, -0.536878, 0.816797, -0.038730, -0.128714, -0.283295, -0.420742, -0.432502, -0.328154, 0.726796
-0.031883, -0.125559, -0.268846, 0.161162, -0.141181, -0.539363, 0.814361, -0.038201, -0.129489, -0.284132, -0.416364, -0.446357, -0.340939, 0.714960
-0.032523, -0.125836, -0.266755, 0.165257, -0.142720, -0.547155, 0.808049, -0.045258, -0.130928, -0.285054, -0.400401, -0.457540, -0.338716, 0.718058
-0.033067, -0.125813, -0.265886, 0.162407, -0.145624, -0.550433, 0.805880, -0.046255, -0.130731, -0.284467, -0.396538, -0.466538, -0.341660, 0.712999
-0.037145, -0.125216, -0.264886, 0.154764, -0.174248, -0.571063, 0.787130, -0.046647, -0.129970, -0.282206, -0.386811, -0.488446, -0.350153, 0.699422
-0.039346, -0.124107, -0.262992, 0.142714, -0.182018, -0.573123, 0.786150, -0.048171, -0.126128, -0.273843, -0.378826, -0.498844, -0.352623, 0.695199
-0.045481, -0.122534, -0.264402, 0.178897, -0.189861, -0.603971, 0.753106, -0.057397, -0.127690, -0.285605, -0.356934, -0.529756, -0.371665, 0.673663
-0.045890, -0.122764, -0.263687, 0.176576, -0.191131, -0.607295, 0.750655, -0.058939, -0.127032, -0.279672, -0.355147, -0.523477, -0.365127, 0.683026
-0.047848, -0.123435, -0.262087, 0.171344, -0.191952, -0.611044, 0.748613, -0.059741, -0.126271, -0.277756, -0.344878, -0.534823, -0.361038, 0.681671
-0.051944, -0.122553, -0.260442, 0.195169, -0.172513, -0.613172, 0.745767, -0.056153, -0.122604, -0.265585, -0.347867, -0.536607, -0.367875, 0.675062
-0.056257, -0.122500, -0.260503, 0.237120, -0.146192, -0.607702, 0.743708, -0.057225, -0.121944, -0.263999, -0.352089, -0.526758, -0.361987, 0.683757
-0.055725, -0.120415, -0.261850, 0.247468, -0.116913, -0.626386, 0.729885, -0.056260, -0.117456, -0.257352, -0.351457, -0.525478, -0.372938, 0.679167
-0.058559, -0.120057, -0.261557, 0.256782, -0.116789, -0.634655, 0.719470, -0.061380, -0.118373, -0.258480, -0.340373, -0.525937, -0.371865, 0.685021
-0.061687, -0.118967, -0.263470, 0.273767, -0.097973, -0.632142, 0.718227, -0.061895, -0.115629, -0.259737, -0.331519, -0.540021, -0.391607, 0.667171
-0.063931, -0.118981, -0.264630, 0.260544, -0.102968, -0.639351, 0.716063, -0.063830, -0.114315, -0.254904, -0.322229, -0.545576, -0.395557, 0.664869
-0.065871, -0.119078, -0.263059, 0.244232, -0.112311, -0.635547, 0.723752, -0.071402, -0.115124, -0.259718, -0.326096, -0.522623, -0.384612, 0.687459
-0.068175, -0.118495, -0.262755, 0.257160, -0.096273, -0.631904, 0.724774, -0.068507, -0.112207, -0.253445, -0.317557, -0.546491, -0.392470, 0.668186
-0.071674, -0.116977, -0.261753, 0.254025, -0.095222, -0.632163, 0.725792, -0.075750, -0.113814, -0.262277, -0.328678, -0.510735, -0.394636, 0.689480
-0.075399, -0.115746, -0.262612, 0.253189, -0.092340, -0.624857, 0.732750, -0.075146, -0.109466, -0.253366, -0.329468, -0.503624, -0.389226, 0.697364
-0.078280, -0.114180, -0.262081, 0.299027, -0.038673, -0.616837, 0.727048, -0.077617, -0.107961, -0.252764, -0.327935, -0.503245, -0.403302, 0.690327
-0.080997, -0.112751, -0.260627, 0.343519, 0.027823, -0.598418, 0.723268, -0.078533, -0.109637, -0.252457, -0.340681, -0.495033, -0.422261, 0.678657
-0.083091, -0.111609, -0.259213, 0.399857, 0.094162, -0.556450, 0.722227, -0.080160, -0.111918, -0.254829, -0.368014, -0.446558, -0.418420, 0.700054
-0.085612, -0.109873, -0.260412, 0.488288, 0.197598, -0.499437, 0.687818, -0.092556, -0.111142, -0.268145, -0.389313, -0.408215, -0.409525, 0.716997
-0.089243, -0.105909, -0.260111, 0.587425, 0.305618, -0.456507, 0.594248, -0.093119, -0.100760, -0.255296, -0.435221, -0.337793, -0.366334, 0.749852
-0.093872, -0.108054, -0.259061, 0.674311, 0.402852, -0.374360, 0.492818, -0.098746, -0.105687, -0.259866, -0.463778, -0.349457, -0.405406, 0.706000
-0.096228, -0.105844, -0.262137, 0.721036, 0.505657, -0.302479, 0.364589, -0.096737, -0.100781, -0.248313, -0.481725, -0.367572, -0.425932, 0.671873
-0.105146, -0.102561, -0.266352, 0.730980, 0.591956, -0.241226, 0.238885, -0.099217, -0.100557, -0.252443, -0.483293, -0.397099, -0.456625, 0.632641
-0.114100, -0.098920, -0.266058, 0.735307, 0.647935, -0.160531, 0.117192, -0.108361, -0.094980, -0.251823, -0.475286, -0.395693, -0.469020, 0.630516
-0.121194, -0.095927, -0.268598, 0.731960, 0.672999, -0.098694, 0.039590, -0.116430, -0.095093, -0.265854, -0.461213, -0.409055, -0.493697, 0.613368
-0.125710, -0.094054, -0.270581, 0.723794, 0.687029, -0.064111, -0.002243, -0.119644, -0.093116, -0.267254, -0.458055, -0.408637, -0.507022, 0.605086
-0.128804, -0.092300, -0.272199, 0.723993, 0.688584, -0.035270, -0.021033, -0.125681, -0.090411, -0.271400, -0.433083, -0.429026, -0.517090, 0.600828
-0.129875, -0.094979, -0.274799, 0.732587, 0.679967, -0.008271, -0.029903, -0.130772, -0.093356, -0.277886, -0.450481, -0.405904, -0.506088, 0.613337
-0.128945, -0.094895, -0.276058, 0.734519, 0.677054, -0.023711, -0.038970, -0.126184, -0.092361, -0.273823, -0.446279, -0.414436, -0.495723, 0.619142
-0.124642, -0.098045, -0.278912, 0.744849, 0.665088, -0.033942, -0.041302, -0.127296, -0.097824, -0.290116, -0.458720, -0.414222, -0.485936, 0.617950
-0.119684, -0.101218, -0.280809, 0.736599, 0.669801, -0.078801, -0.050792, -0.118107, -0.100324, -0.283121, -0.467812, -0.422568, -0.456113, 0.628131
-0.111565, -0.105168, -0.280691, 0.733410, 0.663789, -0.134489, -0.058380, -0.109589, -0.106929, -0.288081, -0.469304, -0.444012, -0.414146, 0.641164
-0.102835, -0.106830, -0.278363, 0.737951, 0.640805, -0.193955, -0.084730, -0.107019, -0.114834, -0.294974, -0.465260, -0.460218, -0.353596, 0.668357
-0.092935, -0.108280, -0.274575, 0.747490, 0.608263, -0.238941, -0.119089, -0.088736, -0.114781, -0.273996, -0.455694, -0.501651, -0.295516, 0.673320
-0.085450, -0.110101, -0.273409, 0.738813, 0.588562, -0.276805, -0.176437, -0.086124, -0.120988, -0.284442, -0.437935, -0.534154, -0.240420, 0.681976
-0.078238, -0.111987, -0.270759, 0.719511, 0.593269, -0.293622, -0.210056, -0.079362, -0.121454, -0.278427, -0.421453, -0.568037, -0.202566, 0.677258
-0.073845, -0.113217, -0.268141, 0.717928, 0.593192, -0.305463, -0.198485, -0.079689, -0.125848, -0.288128, -0.415904, -0.574787, -0.198970, 0.676058
-0.071588, -0.111503, -0.268492, 0.715141, 0.604312, -0.289782, -0.198515, -0.070586, -0.120184, -0.281672, -0.415060, -0.600436, -0.221309, 0.646702
-0.072638, -0.108445, -0.267955, 0.733440, 0.599037, -0.258539, -0.190731, -0.072414, -0.117140, -0.281167, -0.424649, -0.574546, -0.230224, 0.660732
-0.076303, -0.104058, -0.267581, 0.735209, 0.614411, -0.220736, -0.182327, -0.084169, -0.114436, -0.295329, -0.433303, -0.541300, -0.261563, 0.671436
-0.079714, -0.098716, -0.268126, 0.748845, 0.619899, -0.172882, -0.158333, -0.086133, -0.106172, -0.291772, -0.437863, -0.535105, -0.306214, 0.654348
-0.084565, -0.094780, -0.269503, 0.763537, 0.626071, -0.100435, -0.122315, -0.091731, -0.100649, -0.295539, -0.462683, -0.488761, -0.372761, 0.638817
-0.090877, -0.088270, -0.271414, 0.772839, 0.623823, -0.029479, -0.112683, -0.098773, -0.093145, -0.296075, -0.484296, -0.440793, -0.406507, 0.637112
-0.097086, -0.082315, -0.274756, 0.790448, 0.607758, 0.026434, -0.071582, -0.105065, -0.084162, -0.292653, 0.504964, 0.395649, 0.439191, -0.628955
-0.102327, -0.076618, -0.277184, 0.812861, 0.578954, 0.061904, -0.015445, -0.111318, -0.078380, -0.295034, 0.510605, 0.371443, 0.468296, -0.618072
-0.106428, -0.074075, -0.279230, 0.820058, 0.564990, 0.075382, 0.051088, -0.120125, -0.075689, -0.304497, 0.517160, 0.350472, 0.484721, -0.612177
-0.108441, -0.073286, -0.280953, 0.823005, 0.557250, 0.081674, 0.073927, -0.125668, -0.073197, -0.309301, 0.526952, 0.332097, 0.477718, -0.619531
-0.109326, -0.073407, -0.281205, 0.832464, 0.543007, 0.106363, 0.028891, -0.130534, -0.076813, -0.314172, 0.508582, 0.349550, 0.472589, -0.629141
-0.107888, -0.074057, -0.281542, 0.836883, 0.534318, 0.118572, -0.008479, -0.125903, -0.077565, -0.309877, 0.514746, 0.347713, 0.459606, -0.634740
-0.102971, -0.076828, -0.280615, 0.841261, 0.527394, 0.107827, -0.050095, -0.116477, -0.082547, -0.298833, 0.504549, 0.372721, 0.439687, -0.642795
-0.096696, -0.081827, -0.276922, 0.843631, 0.523477, 0.079473, -0.089131, -0.104042, -0.087205, -0.286885, 0.519179, 0.376482, 0.404365, -0.652077
-0.087891, -0.087073, -0.276500, 0.852040, 0.512087, 0.040150, -0.100910, -0.096690, -0.094754, -0.290664, 0.500781, 0.420155, 0.382434, -0.653018
-0.078976, -0.098632, -0.269304, 0.819664, 0.556761, -0.087666, -0.102388, -0.084179, -0.103484, -0.284753, -0.494075, -0.448586, -0.334070, 0.665626
-0.067589, -0.106344, -0.261718, 0.794822, 0.570451, -0.178516, -0.104768, -0.067893, -0.110277, -0.264276, -0.499185, -0.466736, -0.276585, 0.675628
-0.056732, -0.112433, -0.252350, 0.758867, 0.580209, -0.266396, -0.128501, -0.057884, -0.119265, -0.256136, -0.481228, -0.521217, -0.216770, 0.670644
-0.048610, -0.114999, -0.243708, 0.745977, 0.556670, -0.319484, -0.177670, -0.047143, -0.122195, -0.238494, -0.459262, -0.568207, -0.152066, 0.665654
-0.043174, -0.115556, -0.238954, 0.696565, 0.576330, -0.346754, -0.249806, -0.047487, -0.130824, -0.249536, -0.430798, -0.608694, -0.106679, 0.657666
-0.041115, -0.115428, -0.234082, 0.643692, 0.617250, -0.378608, -0.247630, -0.057269, -0.141877, -0.273292, -0.401816, -0.638733, -0.079771, 0.651307
-0.040161, -0.112785, -0.232250, 0.646657, 0.622830, -0.364734, -0.246755, -0.049476, -0.132129, -0.260084, 0.406350, 0.654916, 0.090784, -0.630652
-0.043437, -0.106321, -0.229234, 0.656979, 0.634865, -0.347107, -0.211760, -0.055625, -0.127068, -0.262974, -0.429381, -0.606724, -0.141603, 0.653810
-0.048790, -0.098214, -0.231275, 0.678228, 0.641713, -0.317987, -0.164608, -0.057669, -0.111872, -0.259053, -0.429845, -0.612669, -0.204909, 0.630780
-0.056976, -0.088215, -0.233102, 0.696809, 0.656328, -0.250666, -0.144423, -0.066347, -0.097210, -0.257954, -0.435088, -0.578972, -0.276344, 0.631763
-0.065396, -0.078508, -0.238347, 0.728565, 0.654266, -0.165508, -0.117205, -0.073943, -0.085102, -0.264602, -0.443614, -0.542784, -0.351685, 0.620411
-0.073781, -0.066202, -0.243836, 0.742845, 0.654131, -0.061772, -0.128373, -0.081733, -0.070792, -0.275169, -0.460758, -0.500074, -0.414189, 0.605043
-0.081978, -0.055814, -0.248657, 0.771457, 0.632381, -0.002372, -0.070312, -0.093334, -0.057328, -0.282479, -0.469477, -0.455213, -0.461765, 0.599287
-0.088412, -0.045656, -0.254668, 0.817904, 0.571199, 0.068183, -0.010814, -0.104685, -0.045785, -0.292410, -0.487493, -0.410556, -0.478219, 0.604236
-0.091776, -0.039673, -0.259730, 0.847305, 0.521438, 0.087862, 0.049572, -0.115353, -0.042613, -0.308004, -0.486768, -0.393328, -0.501475, 0.597389
-0.093928, -0.040900, -0.262233, 0.870182, 0.480092, 0.083843, 0.072572, -0.128051, -0.047297, -0.330322, -0.487124, -0.382224, -0.489701, 0.613847
-0.094935, -0.044561, -0.264451, 0.892900, 0.445272, 0.058868, 0.031584, -0.136882, -0.053405, -0.348571, -0.477076, -0.384773, -0.454731, 0.646195
-0.091330, -0.053631, -0.266280, 0.907926, 0.415581, 0.014689, -0.052417, -0.114695, -0.066723, -0.324259, -0.478309, -0.412053, -0.395295, 0.667214
-0.085031, -0.066458, -0.267107, 0.910351, 0.386743, -0.048894, -0.138931, -0.100259, -0.083535, -0.309559, -0.459263, -0.450210, -0.318196, 0.696520
-0.078748, -0.080574, -0.265623, 0.900137, 0.349892, -0.152781, -0.209733, -0.092638, -0.103166, -0.315673, -0.425317, -0.500513, -0.241646, 0.714283
-0.072505, -0.094943, -0.262408, 0.885086, 0.288062, -0.280656, -0.234258, -0.076768, -0.119226, -0.290049, -0.416678, -0.497846, -0.114539, 0.751937
-0.064782, -0.112494, -0.259370, 0.854733, 0.235352, -0.383174, -0.259267, -0.067563, -0.132446, -0.265776, -0.399319, -0.526535, -0.022728, 0.750193
-0.060366, -0.127689, -0.251544, 0.785081, 0.260396, -0.465795, -0.314448, -0.065596, -0.150419, -0.262747, -0.358794, -0.535198, 0.064926, 0.761980
-0.055506, -0.141779, -0.244696, 0.739509, 0.290623, -0.484403, -0.366086, -0.062272, -0.166616, -0.263795, -0.338862, -0.565271, 0.116885, 0.742953
-0.052379, -0.149275, -0.239799, 0.710636, 0.308279, -0.497987, -0.389835, -0.057889, -0.175002, -0.256287, -0.343762, -0.583136, 0.136759, 0.723241
-0.052543, -0.152018, -0.234826, 0.699645, 0.327946, -0.500223, -0.390801, -0.057337, -0.173528, -0.247091, -0.338591, -0.592429, 0.151908, 0.715058
-0.054251, -0.147639, -0.232015, 0.683193, 0.377941, -0.497852, -0.377561, -0.064275, -0.165968, -0.246144, -0.326000, -0.597581, 0.157206, 0.715477
-0.058327, -0.136555, -0.230363, 0.685120, 0.419336, -0.494393, -0.332182, -0.073319, -0.164649, -0.258304, -0.352448, -0.576307, 0.102439, 0.730176
-0.064687, -0.125737, -0.229521, 0.697847, 0.461860, -0.470625, -0.279659, -0.079228, -0.151539, -0.256286, -0.374574, -0.573903, 0.026422, 0.727758
-0.069454, -0.112487, -0.229142, 0.705697, 0.517574, -0.416285, -0.246611, -0.079203, -0.128312, -0.243877, -0.392603, -0.561161, -0.060201, 0.726180
-0.075727, -0.102866, -0.231082, 0.734767, 0.553531, -0.347425, -0.181708, -0.086089, -0.114727, -0.248008, -0.408304, -0.551582, -0.163489, 0.708742
-0.087462, -0.089375, -0.234068, 0.733131, 0.596255, -0.299209, -0.132190, -0.096986, -0.095415, -0.244653, -0.404520, -0.534135, -0.267697, 0.692389
-0.096020, -0.078695, -0.238881, 0.721056, 0.633619, -0.272478, -0.066050, -0.096462, -0.082812, -0.245312, -0.410641, -0.519521, -0.334134, 0.670691
-0.105878, -0.071080, -0.244224, 0.718380, 0.660616, -0.216473, -0.025648, -0.114770, -0.075592, -0.262189, -0.400199, -0.488716, -0.424013, 0.649007
-0.113380, -0.063182, -0.247895, 0.725064, 0.664796, -0.178046, 0.025077, -0.110151, -0.065060, -0.244585, -0.401566, -0.469566, -0.470189, 0.630218
-0.116598, -0.061722, -0.254640, 0.742211, 0.649794, -0.142203, 0.081666, -0.114250, -0.059610, -0.259088, -0.425120, -0.437129, -0.493963, 0.619832
-0.117416, -0.061252, -0.256563, 0.781922, 0.602471, -0.111308, 0.115059, -0.110600, -0.058432, -0.251656, -0.450353, -0.410550, -0.483708, 0.628218
-0.116949, -0.063924, -0.257356, 0.830913, 0.532659, -0.094875, 0.129839, -0.126788, -0.061986, -0.278049, -0.456711, -0.379371, -0.447837, 0.668532
-0.115011, -0.067196, -0.257876, 0.873188, 0.467656, -0.098430, 0.095673, -0.124408, -0.068360, -0.278954, -0.468942, -0.360985, -0.384164, 0.708662
-0.110256, -0.072756, -0.255507, 0.918963, 0.368671, -0.120420, 0.071337, -0.127035, -0.078683, -0.285252, -0.463550, -0.344828, -0.301936, 0.758320
-0.103317, -0.076591, -0.255111, 0.947565, 0.260019, -0.184192, 0.024174, -0.107968, -0.082961, -0.277805, -0.437008, -0.336971, -0.172554, 0.815904
-0.095873, -0.081192, -0.255956, 0.937082, 0.168958, -0.302959, -0.039335, -0.091067, -0.082996, -0.257092, -0.364297, -0.360504, -0.053980, 0.856978
-0.092611, -0.088222, -0.243939, 0.940801, 0.023737, -0.332344, -0.062285, -0.091157, -0.090623, -0.249433, -0.247323, -0.347872, 0.075181, 0.901201
-0.087727, -0.090855, -0.232322, 0.935725, -0.114613, -0.325358, -0.073666, -0.091506, -0.095994, -0.243863, -0.124452, -0.324577, 0.177709, 0.920641
-0.080724, -0.092292, -0.221995, 0.914126, -0.198832, -0.338172, -0.102373, -0.080196, -0.097951, -0.226332, -0.064879, -0.306533, 0.241544, 0.918414
-0.072872, -0.097505, -0.217113, 0.870656, -0.285270, -0.392507, -0.080741, -0.063966, -0.094083, -0.205528, 0.009185, -0.340777, 0.298738, 0.891371
-0.071134, -0.101285, -0.214335, 0.817183, -0.407725, -0.407338, -0.007072, -0.063596, -0.095515, -0.206905, 0.117017, -0.443705, 0.338294, 0.821578
-0.073355, -0.097722, -0.206287, 0.757383, -0.448436, -0.470564, 0.062020, -0.065672, -0.087498, -0.192698, 0.127946, -0.490176, 0.345879, 0.789763
-0.077611, -0.090700, -0.200261, 0.720255, -0.451155, -0.513561, 0.118100, -0.075032, -0.084310, -0.187373, 0.075860, -0.537344, 0.311734, 0.779954
-0.075065, -0.078683, -0.187687, 0.720494, -0.421553, -0.532720, 0.139258, -0.077394, -0.073039, -0.178682, 0.046967, -0.535535, 0.278220, 0.795983
-0.079922, -0.069004, -0.179983, 0.697973, -0.408043, -0.537116, 0.240505, -0.083795, -0.067315, -0.177087, 0.020894, -0.537441, 0.200830, 0.818772
-0.085041, -0.059030, -0.182111, 0.647666, -0.378549, -0.584143, 0.309850, -0.091315, -0.053496, -0.191956, 0.038033, -0.574330, 0.166656, 0.800578
-0.085765, -0.042146, -0.167144, 0.631358, -0.295566, -0.599612, 0.393057, -0.111830, -0.037832, -0.193241, 0.017242, -0.579238, 0.021559, 0.814691
-0.104600, -0.046764, -0.166397, 0.529166, -0.244884, -0.631660, 0.510903, -0.145114, -0.032178, -0.205369, -0.015864, -0.506603, -0.109228, 0.855086
-0.105176, -0.052116, -0.179185, 0.389022, -0.116952, -0.744316, 0.530075, -0.130882, -0.061106, -0.211259, -0.170459, -0.486302, -0.425362, 0.743990
-0.101117, -0.051631, -0.192822, 0.180751, -0.132646, -0.722550, 0.653954, -0.116322, -0.050944, -0.216108, -0.261473, -0.391732, -0.537594, 0.699407
-0.097489, -0.043121, -0.199309, 0.115726, -0.095243, -0.716108, 0.681709, -0.096439, -0.041136, -0.202164, -0.307861, -0.363357, -0.558016, 0.679567
-0.096852, -0.038017, -0.208541, 0.088963, -0.039014, -0.675474, 0.730957, -0.100077, -0.035860, -0.218037, -0.320062, -0.351731, -0.562197, 0.676594
-0.094081, -0.033375, -0.217201, 0.105311, 0.059203, -0.590994, 0.797578, -0.111379, -0.033122, -0.246660, -0.321794, -0.356087, -0.570159, 0.666761
-0.087649, -0.029373, -0.228140, 0.204319, 0.190246, -0.476626, 0.833600, -0.124684, -0.029469, -0.287780, -0.353776, -0.330055, -0.553530, 0.677872
-0.083484, -0.027907, -0.239968, 0.266769, 0.200893, -0.392230, 0.857107, -0.127085, -0.032501, -0.313973, -0.396624, -0.293383, -0.504438, 0.708631
-0.077546, -0.030865, -0.250292, 0.414027, 0.247017, -0.302054, 0.822392, -0.106279, -0.035017, -0.304939, 0.512528, 0.199741, 0.428705, -0.716680
-0.070659, -0.035578, -0.258724, 0.556397, 0.197325, -0.252444, 0.766654, -0.085997, -0.036697, -0.302174, -0.484653, -0.218657, -0.331874, 0.779204
-0.069702, -0.041404, -0.263536, 0.730637, 0.132894, -0.196026, 0.640377, -0.075662, -0.043762, -0.292688, -0.487057, -0.204353, -0.233864, 0.816286
-0.066374, -0.045918, -0.264769, 0.804944, 0.084534, -0.220102, 0.544496, -0.055103, -0.047214, -0.251392, -0.479725, -0.207116, -0.172405, 0.835011
-0.058119, -0.053468, -0.270859, 0.890513, -0.012346, -0.219112, 0.398528, -0.041938, -0.056159, -0.276981, -0.237979, -0.235241, -0.024334, 0.942038
-0.060895, -0.066193, -0.269712, 0.930409, -0.079226, -0.223613, 0.279393, -0.050688, -0.073279, -0.273854, -0.252974, -0.279390, -0.001726, 0.926252
-0.065697, -0.077901, -0.263317, 0.917375, -0.192003, -0.247626, 0.245440, -0.073910, -0.088016, -0.284311, -0.102289, -0.294851, 0.095456, 0.945245
-0.067812, -0.085009, -0.259283, 0.899872, -0.289911, -0.272769, 0.178272, -0.079425, -0.097462, -0.298106, 0.055585, -0.323603, 0.190778, 0.925092
-0.069068, -0.087863, -0.253136, 0.876011, -0.332689, -0.324616, 0.128641, -0.075800, -0.102217, -0.286459, 0.092097, -0.345715, 0.234028, 0.904008
-0.068463, -0.091725, -0.249738, 0.840416, -0.377757, -0.373009, 0.108928, -0.065828, -0.097134, -0.259204, 0.143647, -0.376864, 0.266088, 0.875521
-0.068370, -0.093530, -0.249340, 0.780017, -0.440009, -0.425203, 0.131029, -0.063735, -0.096015, -0.251132, 0.136726, -0.447229, 0.272894, 0.840726
-0.064775, -0.099788, -0.249751, 0.710704, -0.473544, -0.485703, 0.186410, -0.050436, -0.083566, -0.213606, 0.111600, -0.505852, 0.267086, 0.812603
-0.061577, -0.095537, -0.245828, 0.628019, -0.489376, -0.551192, 0.249583, -0.059206, -0.082851, -0.219997, 0.040980, -0.609740, 0.229399, 0.757571
-0.067914, -0.097317, -0.247895, 0.544447, -0.435841, -0.652366, 0.296715, -0.065226, -0.076136, -0.216434, -0.006159, -0.640022, 0.157633, 0.751988
-0.080223, -0.083769, -0.238844, 0.510077, -0.393672, -0.676562, 0.356523, -0.078058, -0.075844, -0.225340, 0.086643, 0.724571, -0.020943, -0.683412
-0.085476, -0.072799, -0.224792, 0.461012, -0.330004, -0.720220, 0.399812, -0.070832, -0.067406, -0.181640, 0.141009, 0.696277, 0.121093, -0.693290
-0.085080, -0.064687, -0.215158, 0.353262, -0.334799, -0.727817, 0.483114, -0.100736, -0.056099, -0.222122, -0.091920, -0.684038, -0.230464, 0.685952
-0.091076, -0.057479, -0.218573, 0.278868, -0.269197, -0.738283, 0.552000, -0.104961, -0.053707, -0.224415, -0.139302, -0.604489, -0.373172, 0.689878
-0.092597, -0.051808, -0.222295, 0.208211, -0.211242, -0.732352, 0.612932, -0.106562, -0.050653, -0.233039, -0.222267, -0.478990, -0.452722, 0.718477
-0.093260, -0.044845, -0.225603, 0.175805, -0.161832, -0.711256, 0.661074, -0.100845, -0.041173, -0.228240, -0.240150, -0.459847, -0.477624, 0.709044
-0.092129, -0.042324, -0.230786, 0.164856, -0.095003, -0.675365, 0.712517, -0.100386, -0.038257, -0.240028, -0.277447, -0.427245, -0.481859, 0.712949
-0.091296, -0.038034, -0.236529, 0.196446, -0.041379, -0.614743, 0.762750, -0.093918, -0.033989, -0.237516, -0.263207, -0.450551, -0.478823, 0.706013
-0.090245, -0.039725, -0.240513, 0.240632, -0.027334, -0.536005, 0.808733, -0.101353, -0.037969, -0.255767, -0.272366, -0.415564, -0.427974, 0.754958
-0.090316, -0.043701, -0.245296, 0.381299, 0.013125, -0.467716, 0.797296, -0.102726, -0.043926, -0.265878, -0.300242, -0.357563, -0.358109, 0.808555
-0.090094, -0.048316, -0.250800, 0.541018, 0.030394, -0.396401, 0.741109, -0.098301, -0.049068, -0.264256, -0.294680, -0.332591, -0.282984, 0.849981
-0.086425, -0.055631, -0.255236, 0.662513, 0.017348, -0.339127, 0.667659, -0.094744, -0.055686, -0.267611, -0.286510, -0.296662, -0.210894, 0.886243
-0.081567, -0.062829, -0.263916, 0.731536, -0.038956, -0.276419, 0.622038, -0.080329, -0.055915, -0.257051, -0.217697, -0.252953, -0.094844, 0.937885
-0.082376, -0.073455, -0.265842, 0.805965, -0.131429, -0.231796, 0.528600, -0.064919, -0.066019, -0.237347, -0.142181, -0.219533, 0.006630, 0.965166
-0.080045, -0.081954, -0.267860, 0.852707, -0.205613, -0.238315, 0.416919, -0.059588, -0.069992, -0.238103, -0.040814, -0.257663, 0.084384, 0.961677
-0.075976, -0.089894, -0.273446, 0.865462, -0.261810, -0.278129, 0.324154, -0.050279, -0.074674, -0.229671, -0.040852, -0.324957, 0.115924, 0.937708
-0.080196, -0.096441, -0.270211, 0.862380, -0.339486, -0.289735, 0.238964, -0.085010, -0.101873, -0.290119, 0.087263, -0.349027, 0.212455, 0.908531
-0.082422, -0.100547, -0.262810, 0.844724, -0.386971, -0.317904, 0.188766, -0.081113, -0.107722, -0.276874, 0.141750, -0.352201, 0.261637, 0.887360
-0.080377, -0.102396, -0.255625, 0.824638, -0.423911, -0.344151, 0.147755, -0.074264, -0.102570, -0.252254, 0.165917, -0.379520, 0.294776, 0.861129
-0.078548, -0.101806, -0.248784, 0.743020, -0.508001, -0.399787, 0.173284, -0.078676, -0.103905, -0.249434, 0.136752, -0.460447, 0.306779, 0.821690
-0.078820, -0.103462, -0.244078, 0.682245, -0.525910, -0.468693, 0.195675, -0.080945, -0.106279, -0.238789, 0.079362, -0.533376, 0.296322, 0.788293
-0.073997, -0.098707, -0.233631, 0.607429, -0.522328, -0.547121, 0.242618, -0.071755, -0.090450, -0.201051, -0.015012, -0.646101, 0.223959, 0.729500
-0.079256, -0.096666, -0.233900, 0.550662, -0.496616, -0.609083, 0.281360, -0.067378, -0.077773, -0.203378, 0.014098, 0.706555, -0.201342, -0.678264
-0.089119, -0.080971, -0.224828, 0.494541, -0.469587, -0.649109, 0.337010, -0.091206, -0.073405, -0.214640, 0.048740, 0.702675, -0.101331, -0.702570
-0.099082, -0.072194, -0.218310, 0.447704, -0.407736, -0.685405, 0.404393, -0.103023, -0.064888, -0.208265, 0.079954, 0.723620, 0.041455, -0.684298
-0.097854, -0.059428, -0.213557, 0.306280, -0.425312, -0.711087, 0.468677, -0.127647, -0.049622, -0.214843, -0.049359, -0.684652, -0.189786, 0.701995
-0.102301, -0.054755, -0.208613, 0.198685, -0.360460, -0.729928, 0.545710, -0.167787, -0.059352, -0.258702, -0.151962, -0.459256, -0.355486, 0.799763
-0.102716, -0.046048, -0.205931, 0.126675, -0.310064, -0.728090, 0.598080, -0.119942, -0.045211, -0.221011, -0.252761, -0.383288, -0.479623, 0.747773
-0.105119, -0.036866, -0.208817, 0.111052, -0.222777, -0.716057, 0.652152, -0.109744, -0.035361, -0.209032, -0.261006, -0.383439, -0.512364, 0.722727
-0.106660, -0.031216, -0.213294, 0.118203, -0.150221, -0.688213, 0.699876, -0.105875, -0.028928, -0.211334, -0.262575, -0.395110, -0.526575, 0.705452
-0.108250, -0.026108, -0.220417, 0.161786, -0.061249, -0.635071, 0.752835, -0.110059, -0.023517, -0.223446, -0.236552, -0.425216, -0.515306, 0.705475
-0.108436, -0.025469, -0.226625, 0.240196, 0.016867, -0.552308, 0.798109, -0.123867, -0.023474, -0.248177, -0.255980, -0.380806, -0.467584, 0.755530
-0.104220, -0.028475, -0.233158, 0.361694, 0.074430, -0.472456, 0.800265, -0.131219, -0.027559, -0.271809, -0.256716, -0.372908, -0.418796, 0.787176
-0.101840, -0.030095, -0.240781, 0.529448, 0.104085, -0.372084, 0.755252, -0.123564, -0.028098, -0.272098, -0.284090, -0.295204, -0.333795, 0.848957
-0.098844, -0.039153, -0.247624, 0.678248, 0.113484, -0.289742, 0.665697, -0.095931, -0.034405, -0.244744, -0.330185, -0.190876, -0.233750, 0.894374
-0.094990, -0.046892, -0.255485, 0.784822, 0.068062, -0.211374, 0.578571, -0.086625, -0.043022, -0.246830, -0.302478, -0.189167, -0.155648, 0.921139
-0.092472, -0.055078, -0.260073, 0.856988, 0.003162, -0.200755, 0.474616, -0.090817, -0.053255, -0.272329, -0.243281, -0.187456, -0.064348, 0.949491
-0.090044, -0.062930, -0.263544, 0.908169, -0.105238, -0.186312, 0.359783, -0.084017, -0.061912, -0.268777, -0.126292, -0.202368, 0.033832, 0.970543
-0.090137, -0.070839, -0.266487, 0.940819, -0.182164, -0.186498, 0.216554, -0.098428, -0.082015, -0.305995, -0.050427, -0.260485, 0.111835, 0.957652
-0.086999, -0.079245, -0.266206, 0.940882, -0.271550, -0.176927, 0.098493, -0.106373, -0.097914, -0.319438, 0.090334, -0.263457, 0.209069, 0.937401
-0.083769, -0.089720, -0.264202, 0.928041, -0.328406, -0.168564, 0.049766, -0.100509, -0.110703, -0.314772, 0.164464, -0.241567, 0.248045, 0.923618
-0.080155, -0.097948, -0.261078, 0.896695, -0.397721, -0.188720, 0.046282, -0.083879, -0.111809, -0.288034, 0.228246, -0.275534, 0.287717, 0.888371
-0.076230, -0.107876, -0.259532, 0.854727, -0.468564, -0.218134, 0.048048, -0.068040, -0.107165, -0.260893, 0.275965, -0.364203, 0.337333, 0.823047
-0.076474, -0.113598, -0.259126, 0.829265, -0.497483, -0.252538, 0.032496, -0.069903, -0.110362, -0.252080, 0.269709, -0.377489, 0.342415, 0.817014
-0.078026, -0.114313, -0.255860, 0.795963, -0.501960, -0.334930, 0.047992, -0.063448, -0.103334, -0.236451, 0.224590, -0.432890, 0.347638, 0.800820
-0.082298, -0.110653, -0.247590, 0.771276, -0.469476, -0.428010, 0.039177, -0.079355, -0.106671, -0.242136, 0.131219, -0.452347, 0.346737, 0.811134
-0.082045, -0.106075, -0.235120, 0.720223, -0.448762, -0.525129, 0.064290, -0.079171, -0.093639, -0.217176, 0.091184, -0.501974, 0.347752, 0.786623
-0.082760, -0.099975, -0.224017, 0.679779, -0.438793, -0.576401, 0.114566, -0.082792, -0.087318, -0.209727, 0.044420, -0.557159, 0.319254, 0.765296
-0.081405, -0.087288, -0.210790, 0.649214, -0.442093, -0.588894, 0.190473, -0.096581, -0.096784, -0.205208, -0.042756, -0.568019, 0.210042, 0.794612
-0.077531, -0.070464, -0.196121, 0.605913, -0.472202, -0.585817, 0.258293, -0.091816, -0.066392, -0.206334, 0.058922, -0.595283, 0.238420, 0.765064
-0.088848, -0.052089, -0.193697, 0.563066, -0.481887, -0.614660, 0.270067, -0.103716, -0.046013, -0.212802, 0.084004, -0.625520, 0.212078, 0.746117
-0.100071, -0.037146, -0.194812, 0.513717, -0.487991, -0.622712, 0.331952, -0.110049, -0.029704, -0.203296, 0.080293, -0.664368, 0.098481, 0.736525
-0.111837, -0.026707, -0.192593, 0.486610, -0.409939, -0.663206, 0.394107, -0.175076, -0.005650, -0.281678, 0.093848, -0.681185, 0.088167, 0.720699
-0.111104, -0.032282, -0.193017, 0.390012, -0.267382, -0.759970, 0.445921, -0.139690, -0.022909, -0.214096, -0.029770, -0.615977, -0.274735, 0.737704
-0.109622, -0.034569, -0.200219, 0.292418, -0.224925, -0.767779, 0.523850, -0.129485, -0.039966, -0.226844, -0.211735, -0.430423, -0.480927, 0.733903
-0.105911, -0.030847, -0.204539, 0.199537, -0.191501, -0.749593, 0.601353, -0.108618, -0.031113, -0.205225, -0.242656, -0.395953, -0.515744, 0.719964
-0.104509, -0.026500, -0.206851, 0.132601, -0.176691, -0.722744, 0.654860, -0.095983, -0.024837, -0.198505, -0.266765, -0.405993, -0.531341, 0.694034
-0.105950, -0.026936, -0.211483, 0.095062, -0.165693, -0.681951, 0.706013, -0.100044, -0.025396, -0.207197, -0.267258, -0.400806, -0.535634, 0.693559
-0.104329, -0.026231, -0.219228, 0.096444, -0.108111, -0.648938, 0.746922, -0.103106, -0.024194, -0.225837, -0.282969, -0.395140, -0.536377, 0.689994
-0.101055, -0.024945, -0.225390, 0.094547, -0.088644, -0.602439, 0.787573, -0.105562, -0.024933, -0.238790, -0.277701, -0.404377, -0.511116, 0.705777
-0.096433, -0.028204, -0.232555, 0.137318, -0.051713, -0.581016, 0.800558, -0.104479, -0.027434, -0.250532, -0.272122, -0.428209, -0.501548, 0.700740
-0.093335, -0.033035, -0.239161, 0.150242, -0.062887, -0.557634, 0.813953, -0.104767, -0.032081, -0.262167, -0.271745, -0.436592, -0.483297, 0.708496
-0.090693, -0.038548, -0.243422, 0.195130, -0.062741, -0.530410, 0.822590, -0.108794, -0.038348, -0.277242, -0.265673, -0.430592, -0.436875, 0.743740
-0.089820, -0.044709, -0.249088, 0.288724, -0.045693, -0.504666, 0.812320, -0.109976, -0.043237, -0.288441, -0.252312, -0.449900, -0.398781, 0.758223
-0.087038, -0.053066, -0.254419, 0.367666, -0.032744, -0.511456, 0.775993, -0.106355, -0.053905, -0.293179, -0.272007, -0.437294, -0.366104, 0.775083
-0.090003, -0.064130, -0.258322, 0.504383, 0.021750, -0.487030, 0.712691, -0.104498, -0.066651, -0.296255, -0.296516, -0.412593, -0.327400, 0.796652
-0.088884, -0.072012, -0.261413, 0.553758, 0.014677, -0.454232, 0.697720, -0.099828, -0.077294, -0.302778, -0.312889, -0.385636, -0.290155, 0.818044
-0.085251, -0.079453, -0.263959, 0.527386, -0.024457, -0.434151, 0.729918, -0.094398, -0.086314, -0.305515, -0.322153, -0.376381, -0.266161, 0.826870
-0.080674, -0.086552, -0.266849, 0.454811, -0.081329, -0.429849, 0.775735, -0.093066, -0.097228, -0.316534, -0.347218, -0.342061, -0.250635, 0.836431
-0.076983, -0.093184, -0.267377, 0.435265, -0.076861, -0.421235, 0.791960, -0.081014, -0.101386, -0.309483, -0.418596, -0.245134, -0.239712, 0.840967
-0.068065, -0.099829, -0.271837, 0.396423, -0.084058, -0.451676, 0.794843, -0.065624, -0.101354, -0.284810, -0.403007, -0.304524, -0.252533, 0.825274
-0.060825, -0.104518, -0.274533, 0.362129, -0.080294, -0.447446, 0.813763, -0.054413, -0.101641, -0.270290, -0.431237, -0.295658, -0.251875, 0.814359
-0.055678, -0.108938, -0.275423, 0.345657, -0.076976, -0.444786, 0.822657, -0.053125, -0.108147, -0.277709, -0.444107, -0.292770, -0.246986, 0.809970
-0.051960, -0.114252, -0.275788, 0.332806, -0.080798, -0.429626, 0.835545, -0.048223, -0.112086, -0.273050, -0.447900, -0.292788, -0.234207, 0.811670
-0.048540, -0.117660, -0.274476, 0.323338, -0.068777, -0.418387, 0.845977, -0.048952, -0.119697, -0.284944, -0.468908, -0.289863, -0.249713, 0.796083
-0.044209, -0.120366, -0.273828, 0.317194, -0.053024, -0.412436, 0.852335, -0.048978, -0.123619, -0.288528, -0.485523, -0.275468, -0.249398, 0.791318
-0.040812, -0.122425, -0.271354, 0.308972, -0.039802, -0.402306, 0.860874, -0.047319, -0.127365, -0.289304, -0.494515, -0.270701, -0.252539, 0.786384
-0.037163, -0.123570, -0.268848, 0.309519, -0.023364, -0.401232, 0.861781, -0.043473, -0.127811, -0.286767, 0.504574, 0.262699, 0.250445, -0.783372
-0.034548, -0.123507, -0.266733, 0.313822, -0.004642, -0.370870, 0.874043, -0.042998, -0.129358, -0.288737, 0.513713, 0.246296, 0.244859, -0.784526
-0.032465, -0.124219, -0.263423, 0.299047, 0.001269, -0.358694, 0.884257, -0.043361, -0.133379, -0.293797, 0.521912, 0.239506, 0.245883, -0.780888
-0.031051, -0.122871, -0.259824, 0.285387, 0.012273, -0.325278, 0.901443, -0.043562, -0.135453, -0.297994, 0.531959, 0.226731, 0.252805, -0.775695
-0.030676, -0.121927, -0.257086, 0.276815, 0.009044, -0.321511, 0.905497, -0.048444, -0.136662, -0.301381, 0.521944, 0.231620, 0.253955, -0.780662
-0.029959, -0.121409, -0.256055, 0.254098, 0.004769, -0.324488, 0.911110, -0.047352, -0.136617, -0.300560, 0.514643, 0.247575, 0.266607, -0.776383
-0.029665, -0.121071, -0.253434, 0.247041, 0.001829, -0.307234, 0.919009, -0.049509, -0.139988, -0.305417, 0.518302, 0.233076, 0.252121, -0.783245
-0.029542, -0.120562, -0.251947, 0.240470, 0.007350, -0.309996, 0.919796, -0.049200, -0.139630, -0.302773, 0.516292, 0.244757, 0.268801, -0.775424
-0.029072, -0.120440, -0.249394, 0.231627, 0.009881, -0.293972, 0.927272, -0.048606, -0.140595, -0.302124, 0.523182, 0.230358, 0.258407, -0.778743
-0.028694, -0.119812, -0.247524, 0.214554, 0.014219, -0.299347, 0.929601, -0.052579, -0.144143, -0.312823, 0.524475, 0.235896, 0.273943, -0.770866
-0.028815, -0.118886, -0.246830, 0.203436, 0.017920, -0.325366, 0.923272, -0.049301, -0.137439, -0.299615, 0.521826, 0.249809, 0.297852, -0.759327
-0.029130, -0.118645, -0.246980, 0.195270, 0.013806, -0.347981, 0.916837, -0.047624, -0.130539, -0.282247, 0.510146, 0.256144, 0.299223, -0.764596
-0.031960, -0.120391, -0.249048, 0.173827, -0.024414, -0.371673, 0.911619, -0.042139, -0.127249, -0.266182, -0.488181, -0.314469, -0.310301, 0.752663
-0.034374, -0.122888, -0.250272, 0.175628, -0.075916, -0.439965, 0.877397, -0.045226, -0.128804, -0.268369, -0.442578, -0.386823, -0.319078, 0.743426
-0.035842, -0.125700, -0.252311, 0.201100, -0.081480, -0.499941, 0.838440, -0.045168, -0.130618, -0.273259, -0.430185, -0.416663, -0.326274, 0.731353
-0.040646, -0.129485, -0.252380, 0.225143, -0.104167, -0.539221, 0.804800, -0.056492, -0.136851, -0.283671, -0.408159, -0.427050, -0.312551, 0.743873
-0.042246, -0.130566, -0.251823, 0.237130, -0.105339, -0.558136, 0.788137, -0.054819, -0.134742, -0.273943, -0.412258, -0.422447, -0.318557, 0.741690
-0.043468, -0.129474, -0.250155, 0.223599, -0.120482, -0.559527, 0.788936, -0.059739, -0.134786, -0.278295, -0.394426, -0.436741, -0.312582, 0.745640
-0.044535, -0.127380, -0.251730, 0.214655, -0.128407, -0.555282, 0.793158, -0.056060, -0.130016, -0.269762, -0.383130, -0.463028, -0.319077, 0.732807
-0.047359, -0.127393, -0.252289, 0.237897, -0.104678, -0.558469, 0.787758, -0.055901, -0.131534, -0.272336, -0.400824, -0.437254, -0.315316, 0.740759
-0.052263, -0.128679, -0.253601, 0.255789, -0.092127, -0.519413, 0.810122, -0.060307, -0.133153, -0.276307, -0.422775, -0.379511, -0.291085, 0.769742
-0.058235, -0.131400, -0.252326, 0.275847, -0.061996, -0.485931, 0.827006, -0.071922, -0.142576, -0.298338, -0.453018, -0.312419, -0.287265, 0.783995
-0.058765, -0.131804, -0.255913, 0.257307, -0.049940, -0.411511, 0.872903, -0.065195, -0.139513, -0.284530, -0.491299, -0.240112, -0.267478, 0.793365
-0.056457, -0.129014, -0.252951, 0.233213, -0.044059, -0.399055, 0.885680, -0.075167, -0.148918, -0.305362, -0.472769, -0.285679, -0.306596, 0.775162
-0.055683, -0.128399, -0.253650, 0.219166, -0.047494, -0.433654, 0.872729, -0.060840, -0.137103, -0.278737, -0.479871, -0.305487, -0.330739, 0.753002
-0.055889, -0.128504, -0.253575, 0.219085, -0.048054, -0.437313, 0.870892, -0.057205, -0.133896, -0.272011, -0.481821, -0.305141, -0.338588, 0.748395
-0.056011, -0.128587, -0.253384, 0.218412, -0.048066, -0.438194, 0.870617, -0.059328, -0.134725, -0.269936, -0.479576, -0.305090, -0.340123, 0.749162
-0.056317, -0.127812, -0.255195, 0.204297, -0.039082, -0.437658, 0.874753, -0.056499, -0.132088, -0.264621, -0.477837, -0.318322, -0.344482, 0.742749
-0.051956, -0.129004, -0.255010, 0.191120, -0.008047, -0.416937, 0.888580, -0.065834, -0.140398, -0.281499, -0.475433, -0.302822, -0.325900, 0.758980
-0.053666, -0.131013, -0.251414, 0.209463, -0.033574, -0.436236, 0.874470, -0.070478, -0.143975, -0.287266, -0.452669, -0.317994, -0.301583, 0.776543
-0.053532, -0.131104, -0.249253, 0.218814, -0.057465, -0.505863, 0.832420, -0.065683, -0.139640, -0.275144, -0.437650, -0.360719, -0.326219, 0.756257
-0.053547, -0.130446, -0.248413, 0.198969, -0.087242, -0.512898, 0.830505, -0.063684, -0.135438, -0.264509, -0.422085, -0.384907, -0.321861, 0.755047
-0.055729, -0.131280, -0.247888, 0.191121, -0.107543, -0.523048, 0.823608, -0.061197, -0.132039, -0.256262, -0.414213, -0.405130, -0.325839, 0.747079
-0.059473, -0.134714, -0.245898, 0.255360, -0.049200, -0.493930, 0.829702, -0.069933, -0.142377, -0.273061, -0.441355, -0.344555, -0.309767, 0.768461
-0.066219, -0.137396, -0.243448, 0.287275, -0.011706, -0.443443, 0.848939, -0.074243, -0.147060, -0.282808, -0.488236, -0.243302, -0.289650, 0.786468
-0.066676, -0.136700, -0.241783, 0.251891, -0.024903, -0.407489, 0.877431, -0.091878, -0.164762, -0.318688, -0.481467, -0.251248, -0.317318, 0.777415
-0.062054, -0.131908, -0.243492, 0.219656, -0.009285, -0.407183, 0.886493, -0.079257, -0.147715, -0.291577, -0.480426, -0.261486, -0.332160, 0.768431
-0.061177, -0.130023, -0.246542, 0.207544, -0.018312, -0.435955, 0.875520, -0.069544, -0.136438, -0.270026, -0.469344, -0.287159, -0.334086, 0.765272
-0.059784, -0.130463, -0.246040, 0.226121, 0.009565, -0.428823, 0.874581, -0.066490, -0.135731, -0.260214, -0.462386, -0.306588, -0.339004, 0.759789
-0.060789, -0.128303, -0.243389, 0.236358, 0.003240, -0.448533, 0.861942, -0.075343, -0.139516, -0.267714, -0.445173, -0.327398, -0.342860, 0.759657
-0.064359, -0.129879, -0.240438, 0.246399, -0.024834, -0.496956, 0.831690, -0.074064, -0.136249, -0.260424, -0.419684, -0.360716, -0.349340, 0.756116
-0.062790, -0.128318, -0.240546, 0.219793, -0.044310, -0.534739, 0.814729, -0.062773, -0.128168, -0.240703, -0.425689, -0.375710, -0.352505, 0.743889
-0.062752, -0.129461, -0.239985, 0.207448, -0.052520, -0.548986, 0.807975, -0.065260, -0.128932, -0.242587, -0.417748, -0.386285, -0.357513, 0.740578
-0.068353, -0.131410, -0.240835, 0.232109, -0.045252, -0.539822, 0.807882, -0.063466, -0.128212, -0.239038, -0.432572, -0.363374, -0.355030, 0.744845
-0.074301, -0.135697, -0.243174, 0.236368, 0.022409, -0.455660, 0.857907, -0.070631, -0.135808, -0.254002, -0.492558, -0.258477, -0.356501, 0.750655
-0.076228, -0.136457, -0.241167, 0.212952, 0.012699, -0.445925, 0.869277, -0.097373, -0.160346, -0.304348, -0.480294, -0.248217, -0.384499, 0.748242
-0.073203, -0.132967, -0.241789, 0.191824, 0.031522, -0.458671, 0.867083, -0.086779, -0.144824, -0.277867, -0.482347, -0.257445, -0.394646, 0.738456
-0.073492, -0.130437, -0.244116, 0.185824, 0.027869, -0.470212, 0.862320, -0.084163, -0.138262, -0.271117, -0.475841, -0.263079, -0.395564, 0.740199
-0.073740, -0.129574, -0.245055, 0.179743, 0.026469, -0.473993, 0.861583, -0.082344, -0.134702, -0.265934, -0.473199, -0.267224, -0.396750, 0.739773
-0.074107, -0.128396, -0.246107, 0.174356, 0.024357, -0.474650, 0.862390, -0.085684, -0.135532, -0.271999, -0.466744, -0.267765, -0.396647, 0.743723
-0.074169, -0.128566, -0.246104, 0.174524, 0.024308, -0.474758, 0.862298, -0.081670, -0.135252, -0.270150, -0.472772, -0.272493, -0.405741, 0.733218
-0.074291, -0.129004, -0.245921, 0.175201, 0.024504, -0.472657, 0.863309, -0.079437, -0.135475, -0.263635, -0.476615, -0.267602, -0.400493, 0.735413
-0.074418, -0.129597, -0.245854, 0.177829, 0.025524, -0.466600, 0.866032, -0.080922, -0.136624, -0.265996, -0.472728, -0.271959, -0.403796, 0.734517
-0.074572, -0.130027, -0.245391, 0.176913, 0.025158, -0.465366, 0.866894, -0.081986, -0.135110, -0.262283, -0.462796, -0.272180, -0.397628, 0.744063
-0.073998, -0.130353, -0.245640, 0.163998, 0.026426, -0.468334, 0.867797, -0.078620, -0.132853, -0.253233, -0.465242, -0.268189, -0.401843, 0.741719
-0.073926, -0.130060, -0.245756, 0.164637, 0.026057, -0.469349, 0.867139, -0.075702, -0.132587, -0.252307, -0.463378, -0.280636, -0.402048, 0.738161
-0.073612, -0.130250, -0.245870, 0.167566, 0.025286, -0.472189, 0.865056, -0.078112, -0.133318, -0.256140, -0.462491, -0.283696, -0.396722, 0.740426
-0.073490, -0.130192, -0.245889, 0.168585, 0.024943, -0.473580, 0.864107, -0.078318, -0.131701, -0.254629, -0.461880, -0.280421, -0.397637, 0.741563
-0.073315, -0.129790, -0.246313, 0.173190, 0.025869, -0.472076, 0.863992, -0.078738, -0.132114, -0.255982, -0.461536, -0.284462, -0.396093, 0.741064
-0.073173, -0.127544, -0.246648, 0.170454, 0.028001, -0.472160, 0.864424, -0.076461, -0.129449, -0.253525, -0.465600, -0.273523, -0.395737, 0.742828
-0.072717, -0.126320, -0.247289, 0.166684, 0.024559, -0.465821, 0.868693, -0.077868, -0.131429, -0.261254, -0.470527, -0.275756, -0.398168, 0.737581
-0.072396, -0.125559, -0.247344, 0.176783, 0.020219, -0.471320, 0.863828, -0.077728, -0.128599, -0.257865, -0.459995, -0.282848, -0.383183, 0.749381
-0.072428, -0.124617, -0.247473, 0.185144, 0.018549, -0.470315, 0.862661, -0.075498, -0.126225, -0.252968, -0.459028, -0.289160, -0.387109, 0.745538
-0.072571, -0.123011, -0.247065, 0.176495, 0.000065, -0.458315, 0.871091, -0.077135, -0.126212, -0.253150, -0.456196, -0.293868, -0.375609, 0.751295
-0.073029, -0.120655, -0.247708, 0.177639, 0.002106, -0.429618, 0.885364, -0.077087, -0.125492, -0.251948, -0.456022, -0.298265, -0.374727, 0.750107
-0.071809, -0.119592, -0.248046, 0.194904, 0.011255, -0.423617, 0.884554, -0.079072, -0.124197, -0.254390, -0.462160, -0.279935, -0.352546, 0.764039
-0.071626, -0.119871, -0.245948, 0.220084, 0.023445, -0.405052, 0.887101, -0.081087, -0.125432, -0.253762, -0.465753, -0.250196, -0.327643, 0.783024
-0.071233, -0.119849, -0.244794, 0.228698, 0.025642, -0.399495, 0.887381, -0.084776, -0.128550, -0.262282, -0.464348, -0.250689, -0.328105, 0.783507
-0.070691, -0.120010, -0.244693, 0.235338, 0.026559, -0.392202, 0.888870, -0.082006, -0.128088, -0.259759, -0.464561, -0.254757, -0.327412, 0.782357
-0.070527, -0.119689, -0.244758, 0.241987, 0.026915, -0.399646, 0.883744, -0.076330, -0.125138, -0.252269, -0.469593, -0.263053, -0.343197, 0.769741
-0.068431, -0.118779, -0.242675, 0.273579, 0.048991, -0.394667, 0.875782, -0.073001, -0.122096, -0.245942, -0.470207, -0.258797, -0.330879, 0.776176
-0.065614, -0.117800, -0.240415, 0.322884, 0.092660, -0.379037, 0.862261, -0.072557, -0.120820, -0.243663, -0.491950, -0.234090, -0.323342, 0.773716
-0.065255, -0.116538, -0.240486, 0.344885, 0.107118, -0.387410, 0.848231, -0.070416, -0.118436, -0.250366, -0.495330, -0.255351, -0.339020, 0.757964
-0.064341, -0.117233, -0.242170, 0.421640, 0.180644, -0.354187, 0.814949, -0.062445, -0.113721, -0.235826, 0.542783, 0.209603, 0.336265, -0.740526
-0.063072, -0.115393, -0.243683, 0.483729, 0.249296, -0.361843, 0.756921, -0.051736, -0.106148, -0.217244, 0.556303, 0.246716, 0.354751, -0.709796
-0.062281, -0.115992, -0.243126, 0.505886, 0.286315, -0.380979, 0.718999, -0.059806, -0.113170, -0.233519, 0.544421, 0.283800, 0.395153, -0.683314
-0.059434, -0.116913, -0.242856, 0.549018, 0.345872, -0.389680, 0.653531, -0.055992, -0.111613, -0.224423, 0.535054, 0.327784, 0.396699, -0.670003
-0.055153, -0.119391, -0.240804, 0.593800, 0.411042, -0.371049, 0.583756, -0.058502, -0.114689, -0.226175, 0.540636, 0.335369, 0.394745, -0.662885
-0.052688, -0.121262, -0.242392, 0.624854, 0.453484, -0.359456, 0.524122, -0.055280, -0.113438, -0.221102, 0.537375, 0.366860, 0.389711, -0.651742
-0.053744, -0.123206, -0.244237, 0.679505, 0.460745, -0.335390, 0.462064, -0.055051, -0.114898, -0.223076, 0.532290, 0.391523, 0.361851, -0.657603
-0.054276, -0.123962, -0.243221, 0.715210, 0.487103, -0.306199, 0.396800, -0.052518, -0.112628, -0.217055, 0.545550, 0.389799, 0.348102, -0.655177
-0.055207, -0.124434, -0.241829, 0.749567, 0.514217, -0.266472, 0.320507, -0.048706, -0.110247, -0.211127, 0.571205, 0.381218, 0.342282, -0.641280
-0.056194, -0.126182, -0.240947, 0.794584, 0.506329, -0.217886, 0.254547, -0.056705, -0.118652, -0.230076, 0.563268, 0.391279, 0.326201, -0.650556
-0.055626, -0.125265, -0.240410, 0.795049, 0.538177, -0.196874, 0.198761, -0.062666, -0.124770, -0.249019, 0.543808, 0.419684, 0.363812, -0.629109
-0.054075, -0.124125, -0.241213, 0.813559, 0.521365, -0.175955, 0.187996, -0.061267, -0.122950, -0.251286, 0.546879, 0.420584, 0.357096, -0.629694
-0.053029, -0.124514, -0.240883, 0.825261, 0.518666, -0.152066, 0.163728, -0.062259, -0.128230, -0.260354, 0.549091, 0.416425, 0.355960, -0.631175
-0.051794, -0.124194, -0.241003, 0.831116, 0.522256, -0.138595, 0.131481, -0.062008, -0.126451, -0.257665, 0.551679, 0.415027, 0.346667, -0.634999
-0.050832, -0.123732, -0.238769, 0.830173, 0.534677, -0.125492, 0.095845, -0.061263, -0.126453, -0.257723, 0.556623, 0.409682, 0.343452, -0.635903
-0.050581, -0.123212, -0.238635, 0.829753, 0.539092, -0.118084, 0.083353, -0.056918, -0.122299, -0.248479, 0.555226, 0.418601, 0.351608, -0.626792
-0.049981, -0.122799, -0.238780, 0.828094, 0.544562, -0.113536, 0.069452, -0.058476, -0.122058, -0.251819, 0.547725, 0.431053, 0.354293, -0.623432
-0.049402, -0.122112, -0.239405, 0.817836, 0.560668, -0.118272, 0.053003, -0.059465, -0.123470, -0.254825, 0.548035, 0.432442, 0.353118, -0.622864
-0.049122, -0.121831, -0.239640, 0.815656, 0.565469, -0.114131, 0.043889, -0.059183, -0.123949, -0.254495, 0.547903, 0.435994, 0.350275, -0.622109
-0.048915, -0.120857, -0.240162, 0.810327, 0.575587, -0.106949, 0.025178, -0.057589, -0.120289, -0.248947, 0.543018, 0.441876, 0.346969, -0.624091
-0.047990, -0.120373, -0.239928, 0.806986, 0.579195, -0.113132, 0.022579, -0.051250, -0.119282, -0.239904, 0.535091, 0.467676, 0.338795, -0.616583
-0.047936, -0.119118, -0.239809, 0.803591, 0.584807, -0.110239, 0.009549, -0.053904, -0.119000, -0.243917, 0.531315, 0.464215, 0.344103, -0.619517
-0.047746, -0.117832, -0.239970, 0.800985, 0.588937, -0.107547, 0.003450, -0.049142, -0.115488, -0.235728, 0.531315, 0.475160, 0.342839, -0.611873
-0.047624, -0.116896, -0.239585, 0.798805, 0.592007, -0.106956, -0.000400, -0.046481, -0.113611, -0.229856, 0.533056, 0.478656, 0.338860, -0.609846
-0.048143, -0.115183, -0.240503, 0.799503, 0.590686, -0.109022, 0.000955, -0.043694, -0.110958, -0.228252, 0.531499, 0.482795, 0.342860, -0.605694
-0.048231, -0.113437, -0.241758, 0.802222, 0.586467, -0.111769, -0.002443, -0.042797, -0.107738, -0.225568, 0.522966, 0.495869, 0.342926, -0.602513
-0.048487, -0.112681, -0.242021, 0.804011, 0.582635, -0.118726, 0.003089, -0.045817, -0.109597, -0.229349, 0.522222, 0.490096, 0.346827, -0.605641
-0.049916, -0.110169, -0.242762, 0.808541, 0.573982, -0.129471, 0.006711, -0.042368, -0.105780, -0.222949, 0.519732, 0.500116, 0.346278, -0.599878
-0.049990, -0.109831, -0.240204, 0.808884, 0.567811, -0.150831, 0.023431, -0.041749, -0.106681, -0.220637, 0.520506, 0.503304, 0.339565, -0.600378
-0.051272, -0.109517, -0.238708, 0.812505, 0.558993, -0.163231, 0.026835, -0.044040, -0.106788, -0.221219, 0.519869, 0.499801, 0.336873, -0.605352
-0.052242, -0.109451, -0.236294, 0.809750, 0.550582, -0.197545, 0.046283, -0.047654, -0.108888, -0.226206, 0.516115, 0.492069, 0.335363, -0.615650
-0.053562, -0.108497, -0.234974, 0.808199, 0.530700, -0.241014, 0.084178, -0.041326, -0.104397, -0.215323, 0.519900, 0.497025, 0.320272, -0.616519
-0.053281, -0.111653, -0.233101, 0.815182, 0.515147, -0.239417, 0.113061, -0.042682, -0.107154, -0.216049, 0.535499, 0.474561, 0.311353, -0.625373
-0.051778, -0.111982, -0.225513, 0.816617, 0.510499, -0.230733, 0.138897, -0.044302, -0.108824, -0.210494, 0.543186, 0.461784, 0.319506, -0.624195
-0.049662, -0.112014, -0.219949, 0.823803, 0.500983, -0.216729, 0.152954, -0.041087, -0.107033, -0.200044, 0.559936, 0.438853, 0.306232, -0.632536
-0.048456, -0.110750, -0.217526, 0.831631, 0.491761, -0.211521, 0.147720, -0.042359, -0.107835, -0.207727, 0.555847, 0.437947, 0.301650, -0.638940
-0.048809, -0.110571, -0.215346, 0.832307, 0.492848, -0.212339, 0.138851, -0.045011, -0.110937, -0.211261, 0.543597, 0.455906, 0.314890, -0.630473
-0.048985, -0.111766, -0.213315, 0.829296, 0.480617, -0.231428, 0.166487, -0.042200, -0.111490, -0.204545, 0.549525, 0.450735, 0.306211, -0.633321
-0.049097, -0.111150, -0.216987, 0.818663, 0.438345, -0.277537, 0.246208, -0.041887, -0.108666, -0.205169, 0.544293, 0.439844, 0.295271, -0.650459
-0.046377, -0.112410, -0.216559, 0.780102, 0.430260, -0.315876, 0.326405, -0.041000, -0.105354, -0.195333, 0.553243, 0.415994, 0.289726, -0.661007
-0.047228, -0.114303, -0.213966, 0.751332, 0.408581, -0.326235, 0.402659, -0.044386, -0.109068, -0.201875, 0.560994, 0.386070, 0.310231, -0.663319
-0.045275, -0.111510, -0.217693, 0.724204, 0.318433, -0.344821, 0.505202, -0.038066, -0.106380, -0.207962, 0.550533, 0.364235, 0.314299, -0.682249
-0.046245, -0.112789, -0.212636, 0.657074, 0.288923, -0.386737, 0.578976, -0.039888, -0.108612, -0.202905, 0.539965, 0.337502, 0.335865, -0.694064
-0.044430, -0.115540, -0.214901, 0.585951, 0.282110, -0.404108, 0.643253, -0.040188, -0.115709, -0.217936, 0.535519, 0.311886, 0.382026, -0.685567
-0.043666, -0.114690, -0.216625, 0.468966, 0.247353, -0.404505, 0.745161, -0.038059, -0.112934, -0.212934, 0.547372, 0.271314, 0.396692, -0.685133
-0.043611, -0.112332, -0.217221, 0.396241, 0.200639, -0.413682, 0.794736, -0.042537, -0.112537, -0.214934, 0.526739, 0.272646, 0.387895, -0.705512
-0.045902, -0.112984, -0.215937, 0.352568, 0.159668, -0.419818, 0.820948, -0.055710, -0.119627, -0.239802, -0.488421, -0.288961, -0.394896, 0.722498
-0.046993, -0.112628, -0.214495, 0.330474, 0.154353, -0.423507, 0.829220, -0.056316, -0.117460, -0.236386, -0.470833, -0.305080, -0.409147, 0.719612
-0.046241, -0.112776, -0.213706, 0.276470, 0.138283, -0.420856, 0.852833, -0.057214, -0.120500, -0.241801, -0.496090, -0.264318, -0.404682, 0.721293
-0.047019, -0.112947, -0.213448, 0.243235, 0.132616, -0.416310, 0.865989, -0.059646, -0.123853, -0.247342, 0.506847, 0.247776, 0.415136, -0.713705
-0.047590, -0.113280, -0.212735, 0.232444, 0.132629, -0.410563, 0.871676, -0.068865, -0.129019, -0.260907, -0.496193, -0.247255, -0.417442, 0.720000
-0.048038, -0.113433, -0.212582, 0.211619, 0.126697, -0.409588, 0.878296, -0.069041, -0.131051, -0.263646, -0.487822, -0.261425, -0.430491, 0.712997
-0.048479, -0.113830, -0.212118, 0.200260, 0.125014, -0.406367, 0.882686, -0.064880, -0.128928, -0.254016, -0.488847, -0.261039, -0.432603, 0.711155
-0.048616, -0.114056, -0.212575, 0.190287, 0.122766, -0.403366, 0.886576, -0.072143, -0.134383, -0.272685, -0.480376, -0.270862, -0.444377, 0.705975
-0.048640, -0.114104, -0.213989, 0.174579, 0.118127, -0.401436, 0.891302, -0.067807, -0.132511, -0.265072, -0.485890, -0.267974, -0.439002, 0.706666
-0.048662, -0.113142, -0.216404, 0.163589, 0.114207, -0.404553, 0.892487, -0.069306, -0.131467, -0.270237, -0.495768, -0.254591, -0.432972, 0.708473
-0.048508, -0.113048, -0.217227, 0.163049, 0.112638, -0.405116, 0.892530, -0.070655, -0.132709, -0.276153, -0.483746, -0.273449, -0.440398, 0.705171
-0.048568, -0.112625, -0.218200, 0.160051, 0.110576, -0.409983, 0.891107, -0.069629, -0.130156, -0.274848, -0.497441, -0.252173, -0.437903, 0.705125
-0.048743, -0.112155, -0.219484, 0.152954, 0.107653, -0.412755, 0.891432, -0.072236, -0.132323, -0.282177, -0.492441, -0.260259, -0.439541, 0.704678
-0.048851, -0.111889, -0.220503, 0.148260, 0.105692, -0.413889, 0.891934, -0.073377, -0.133209, -0.288075, -0.492434, -0.258669, -0.439581, 0.705243
-0.049175, -0.111279, -0.221651, 0.139454, 0.102098, -0.420409, 0.890722, -0.072791, -0.130822, -0.284122, -0.491623, -0.263250, -0.451444, 0.696566
-0.049513, -0.110642, -0.223452, 0.130948, 0.098021, -0.425536, 0.890037, -0.071279, -0.128936, -0.286827, -0.494068, -0.262092, -0.452092, 0.694851
-0.049832, -0.110326, -0.223934, 0.129141, 0.096467, -0.429761, 0.888439, -0.070848, -0.128269, -0.282749, -0.483404, -0.279081, -0.452623, 0.695390
-0.050062, -0.110303, -0.224676, 0.124305, 0.094502, -0.431005, 0.888737, -0.070132, -0.126808, -0.280702, -0.491918, -0.267264, -0.453707, 0.693351
-0.050314, -0.110247, -0.225139, 0.122539, 0.093501, -0.432975, 0.888130, -0.072896, -0.128539, -0.286250, -0.488385, -0.269461, -0.458871, 0.691599
-0.050489, -0.110226, -0.225262, 0.121149, 0.092958, -0.434512, 0.887627, -0.068365, -0.126280, -0.281333, -0.489294, -0.280493, -0.470283, 0.678785
-0.051014, -0.110894, -0.225078, 0.110757, 0.091448, -0.430338, 0.891168, -0.074361, -0.132435, -0.294962, -0.497589, -0.258373, -0.462040, 0.687144
-0.051324, -0.111139, -0.225037, 0.105575, 0.090411, -0.430234, 0.891953, -0.075249, -0.129864, -0.290041, -0.488253, -0.271645, -0.472738, 0.681422
-0.051977, -0.111649, -0.224809, 0.092645, 0.088623, -0.430650, 0.893367, -0.074007, -0.131964, -0.289996, -0.488953, -0.265433, -0.473093, 0.683120
-0.052239, -0.112428, -0.224812, 0.088966, 0.086906, -0.429743, 0.894346, -0.077533, -0.136033, -0.297715, -0.492089, -0.262486, -0.469056, 0.684789
-0.053311, -0.114344, -0.223245, 0.081680, 0.085760, -0.433876, 0.893155, -0.075878, -0.134533, -0.287622, -0.484214, -0.267207, -0.491767, 0.672534
-0.053434, -0.115166, -0.222696, 0.082013, 0.085320, -0.432178, 0.893990, -0.078431, -0.138700, -0.290721, -0.478408, -0.272766, -0.477347, 0.684737
-0.053949, -0.117227, -0.221121, 0.080451, 0.086029, -0.421940, 0.898941, -0.078795, -0.141273, -0.286794, -0.484117, -0.266470, -0.465103, 0.691595
-0.054136, -0.117913, -0.220479, 0.079883, 0.086140, -0.419217, 0.900254, -0.079990, -0.143755, -0.283252, -0.480492, -0.264654, -0.465658, 0.694441
-0.054328, -0.118258, -0.219987, 0.078464, 0.086291, -0.418222, 0.900827, -0.078289, -0.140954, -0.270599, -0.465482, -0.283949, -0.478339, 0.688398
-0.054687, -0.119210, -0.218751, 0.075702, 0.086921, -0.413369, 0.903239, -0.084558, -0.150484, -0.274916, -0.457077, -0.295776, -0.478133, 0.689192
-0.055848, -0.123007, -0.214296, 0.077647, 0.090360, -0.391208, 0.912559, -0.094163, -0.157255, -0.284984, -0.450127, -0.300576, -0.467471, 0.698936
-0.057345, -0.125213, -0.209615, 0.086381, 0.094408, -0.394947, 0.909749, -0.065213, -0.143803, -0.237079, -0.452376, -0.313276, -0.462154, 0.695433
-0.057688, -0.125074, -0.209350, 0.088465, 0.094452, -0.399530, 0.907540, -0.077604, -0.143795, -0.258219, -0.456387, -0.285164, -0.484629, 0.689584
-0.057750, -0.125108, -0.209182, 0.090108, 0.094670, -0.400507, 0.906925, -0.083142, -0.145445, -0.257991, -0.419705, -0.328836, -0.497725, 0.684094
-0.057933, -0.125032, -0.208814, 0.094029, 0.095133, -0.404769, 0.904584, -0.072255, -0.138691, -0.235392, -0.421501, -0.341026, -0.489412, 0.683019
-0.058357, -0.125029, -0.207953, 0.098650, 0.096035, -0.410332, 0.901485, -0.082824, -0.142720, -0.245278, -0.425091, -0.328445, -0.462540, 0.705321
-0.059477, -0.124223, -0.206268, 0.097554, 0.090848, -0.435465, 0.890282, -0.068823, -0.132598, -0.219200, -0.420591, -0.358647, -0.469101, 0.688781
-0.059934, -0.124194, -0.205074, 0.102488, 0.091186, -0.439661, 0.887626, -0.065276, -0.132047, -0.210296, -0.421815, -0.355154, -0.460651, 0.695513
-0.060542, -0.124080, -0.202642, 0.112861, 0.090111, -0.456945, 0.877693, -0.062117, -0.129945, -0.206555, -0.422084, -0.362601, -0.466816, 0.687349
-0.060822, -0.124282, -0.200294, 0.121447, 0.089932, -0.471840, 0.868637, -0.060238, -0.132951, -0.203741, -0.432957, -0.345587, -0.470225, 0.687027
-0.060605, -0.124489, -0.199244, 0.130420, 0.089571, -0.480636, 0.862530, -0.061701, -0.135366, -0.208413, -0.440829, -0.342160, -0.469926, 0.683934
-0.060550, -0.123470, -0.199013, 0.133775, 0.080722, -0.509862, 0.845949, -0.063161, -0.129971, -0.215956, -0.423910, -0.359703, -0.494237, 0.668314
-0.062554, -0.124098, -0.201126, 0.097810, 0.021805, -0.570225, 0.815354, -0.059158, -0.127543, -0.212036, -0.429667, -0.347001, -0.500668, 0.666564
-0.062931, -0.125466, -0.202493, 0.104269, 0.019044, -0.569858, 0.814879, -0.066852, -0.133310, -0.224950, -0.423613, -0.350676, -0.486026, 0.679233
-0.063845, -0.126253, -0.203415, 0.091982, -0.005984, -0.578951, 0.810136, -0.066845, -0.133546, -0.224798, -0.432773, -0.348300, -0.475440, 0.682167
-0.064767, -0.127013, -0.206094, 0.099818, -0.005111, -0.582836, 0.806420, -0.061238, -0.129775, -0.212474, -0.423646, -0.365807, -0.481072, 0.674744
-0.065449, -0.125881, -0.208669, 0.104919, -0.005723, -0.584387, 0.804644, -0.062208, -0.126795, -0.214331, -0.420752, -0.367547, -0.476496, 0.678844
-0.067225, -0.127093, -0.210058, 0.116354, -0.015300, -0.590711, 0.798304, -0.063974, -0.128056, -0.216265, -0.416221, -0.372884, -0.474376, 0.680210
-0.068083, -0.127020, -0.211181, 0.136405, -0.006235, -0.585218, 0.799297, -0.064570, -0.125981, -0.213074, -0.415259, -0.372751, -0.458040, 0.691965
-0.068398, -0.126658, -0.211704, 0.134803, -0.003160, -0.578851, 0.804208, -0.066574, -0.126088, -0.212749, -0.414522, -0.366000, -0.455897, 0.697405
-0.067811, -0.126750, -0.211924, 0.137283, 0.000125, -0.582771, 0.800957, -0.064937, -0.125725, -0.211500, -0.424118, -0.358016, -0.454478, 0.696706
-0.067851, -0.126836, -0.213278, 0.134364, 0.002780, -0.582319, 0.801776, -0.068375, -0.126752, -0.217592, -0.421024, -0.354848, -0.455922, 0.699254
-0.068496, -0.126833, -0.214552, 0.141886, 0.005619, -0.587407, 0.796737, -0.062860, -0.123849, -0.208342, -0.420643, -0.359245, -0.459115, 0.695137
-0.069099, -0.127335, -0.215780, 0.144357, 0.008193, -0.590277, 0.794146, -0.061946, -0.125613, -0.210408, -0.433116, -0.345398, -0.448616, 0.701323
-0.069236, -0.127740, -0.217162, 0.135390, -0.003662, -0.600467, 0.788097, -0.062056, -0.125105, -0.211961, -0.434036, -0.345654, -0.455083, 0.696445
-0.069501, -0.127365, -0.217146, 0.119961, -0.022093, -0.602209, 0.788966, -0.061764, -0.122851, -0.205292, -0.422344, -0.364431, -0.444180, 0.701084
-0.070232, -0.128690, -0.216925, 0.112278, -0.040717, -0.613375, 0.780710, -0.056943, -0.122567, -0.197108, -0.420740, -0.368591, -0.453962, 0.693568
-0.072297, -0.132283, -0.218152, 0.102707, -0.065102, -0.623515, 0.772297, -0.062102, -0.130167, -0.211782, -0.402646, -0.396287, -0.476666, 0.673515
-0.075962, -0.137349, -0.222192, 0.127413, -0.055198, -0.625660, 0.767639, -0.080516, -0.146356, -0.241003, -0.409794, -0.370259, -0.480848, 0.681001
-0.076773, -0.136477, -0.223703, 0.111911, -0.074105, -0.637875, 0.758355, -0.076240, -0.139817, -0.236795, -0.407667, -0.378505, -0.487580, 0.672910
-0.075982, -0.138207, -0.226001, 0.110767, -0.078075, -0.633897, 0.761454, -0.074258, -0.144056, -0.238958, -0.430452, -0.338995, -0.478030, 0.686499
-0.076661, -0.140246, -0.229146, 0.110431, -0.080601, -0.636242, 0.759280, -0.073158, -0.146453, -0.237955, -0.418335, -0.358273, -0.472602, 0.687956
-0.076229, -0.141422, -0.232520, 0.113972, -0.058875, -0.644899, 0.753426, -0.071358, -0.145405, -0.234862, -0.418136, -0.351483, -0.486933, 0.681556
-0.076821, -0.141302, -0.232791, 0.108957, -0.058396, -0.646556, 0.752785, -0.068582, -0.145916, -0.233851, -0.436080, -0.324724, -0.474590, 0.692209
-0.077238, -0.141596, -0.234241, 0.119388, -0.044693, -0.647028, 0.751735, -0.071231, -0.145204, -0.234501, -0.428512, -0.335416, -0.483273, 0.685799
-0.077182, -0.141230, -0.234593, 0.120809, -0.045029, -0.648175, 0.750499, -0.074077, -0.143897, -0.242306, -0.414826, -0.344973, -0.511746, 0.668602
-0.076692, -0.140252, -0.235723, 0.126007, -0.042501, -0.651167, 0.747194, -0.070897, -0.143487, -0.246634, -0.412353, -0.352128, -0.517807, 0.661700
-0.075593, -0.137464, -0.236971, 0.125059, -0.048578, -0.663486, 0.736063, -0.081716, -0.145337, -0.260769, -0.410390, -0.343726, -0.514754, 0.669672
-0.075428, -0.137308, -0.237369, 0.126792, -0.047700, -0.662669, 0.736559, -0.078257, -0.143579, -0.259183, -0.410880, -0.339904, -0.522247, 0.665508
-0.075363, -0.137331, -0.237487, 0.127851, -0.047135, -0.662789, 0.736305, -0.080918, -0.146530, -0.262445, -0.410157, -0.339771, -0.524693, 0.664097
-0.075233, -0.137226, -0.237872, 0.128802, -0.046706, -0.662071, 0.736812, -0.081268, -0.147313, -0.268982, -0.419465, -0.335240, -0.518922, 0.665119
-0.072348, -0.136268, -0.242643, 0.117663, -0.048236, -0.669110, 0.732203, -0.077169, -0.143114, -0.261820, -0.404006, -0.361506, -0.519527, 0.660443
-0.072228, -0.136375, -0.243024, 0.118915, -0.047475, -0.668869, 0.732271, -0.081887, -0.146189, -0.273950, -0.400223, -0.358205, -0.532925, 0.653836
-0.071024, -0.137937, -0.246456, 0.114105, -0.034960, -0.666575, 0.735824, -0.079243, -0.146746, -0.267329, -0.406435, -0.356326, -0.519815, 0.661540
-0.070890, -0.137931, -0.246785, 0.115386, -0.034655, -0.665877, 0.736270, -0.078487, -0.145429, -0.276114, -0.409607, -0.357175, -0.529523, 0.651347
-0.070441, -0.138109, -0.247494, 0.119633, -0.034104, -0.665657, 0.735817, -0.082413, -0.149278, -0.288763, -0.404165, -0.369939, -0.533782, 0.644105
-0.063127, -0.141384, -0.255311, 0.125457, -0.045555, -0.665798, 0.734097, -0.073023, -0.154764, -0.294710, -0.421194, -0.374833, -0.516529, 0.644433
-0.059010, -0.141760, -0.261086, 0.104785, -0.058286, -0.669280, 0.733272, -0.063355, -0.150366, -0.288664, -0.429686, -0.375710, -0.527241, 0.629467
-0.053886, -0.143956, -0.266967, 0.089657, -0.062368, -0.679862, 0.725163, -0.064578, -0.156226, -0.303697, -0.436596, -0.372236, -0.517709, 0.634667
-0.051346, -0.145301, -0.270008, 0.096216, -0.064444, -0.678615, 0.725308, -0.060444, -0.159253, -0.307689, -0.437735, -0.381173, -0.510271, 0.634601
-0.047704, -0.146987, -0.272747, 0.094310, -0.065057, -0.681560, 0.722738, -0.054918, -0.160584, -0.308360, -0.445301, -0.382801, -0.508861, 0.629469
-0.043920, -0.148154, -0.275491, 0.087368, -0.072303, -0.684657, 0.719989, -0.050396, -0.162002, -0.311034, -0.456519, -0.377723, -0.506977, 0.626011
-0.034406, -0.155041, -0.279196, 0.081117, -0.074283, -0.689537, 0.715851, -0.045611, -0.173954, -0.322295, -0.471735, -0.381725, -0.478470, 0.634679
-0.031973, -0.156161, -0.281452, 0.065918, -0.076548, -0.691561, 0.715220, -0.036679, -0.168614, -0.310761, -0.471711, -0.387224, -0.489392, 0.622930
-0.029813, -0.157033, -0.282124, 0.058906, -0.082543, -0.693759, 0.713033, -0.034408, -0.169963, -0.312227, -0.477083, -0.383489, -0.489045, 0.621420
-0.028943, -0.158451, -0.282571, 0.058593, -0.082111, -0.695257, 0.711648, -0.037027, -0.174774, -0.317180, -0.469955, -0.390993, -0.487442, 0.623431
-0.025915, -0.161120, -0.283620, 0.043729, -0.085742, -0.696846, 0.710734, -0.037164, -0.174485, -0.313294, -0.472048, -0.391587, -0.476999, 0.629525
-0.024399, -0.162256, -0.284203, 0.032745, -0.086971, -0.698826, 0.709230, -0.032624, -0.172836, -0.308625, -0.466420, -0.400515, -0.476550, 0.628442
-0.024462, -0.162305, -0.283768, 0.032973, -0.087867, -0.699274, 0.708667, -0.032826, -0.171996, -0.300747, -0.468973, -0.402854, -0.475946, 0.625499
-0.024238, -0.162085, -0.284278, 0.035042, -0.088434, -0.696481, 0.711243, -0.026412, -0.168307, -0.295355, -0.472716, -0.409838, -0.472040, 0.621087
-0.024250, -0.162972, -0.282314, 0.020934, -0.095217, -0.683017, 0.723867, -0.026498, -0.167661, -0.289815, -0.485662, -0.397987, -0.457617, 0.629544
-0.022183, -0.163828, -0.276528, 0.020854, -0.097720, -0.680862, 0.725564, -0.022614, -0.163427, -0.270205, -0.479120, -0.423368, -0.438168, 0.631832
-0.019736, -0.166024, -0.272777, 0.024507, -0.043988, -0.660762, 0.748905, -0.027730, -0.170633, -0.281584, -0.497121, -0.386680, -0.442811, 0.638175
-0.018964, -0.165435, -0.267077, 0.009614, -0.063391, -0.666588, 0.742664, -0.019725, -0.165056, -0.263705, 0.508661, 0.379630, 0.421424, -0.647725
-0.018413, -0.166897, -0.264468, 0.025411, -0.039601, -0.652412, 0.756403, -0.021328, -0.168869, -0.267318, 0.517016, 0.363316, 0.419271, -0.651849
-0.018866, -0.167509, -0.263071, 0.035917, -0.025669, -0.650619, 0.758121, -0.022848, -0.169632, -0.264036, 0.528325, 0.341670, 0.416860, -0.656020
-0.019528, -0.168029, -0.261648, 0.021267, -0.033903, -0.657794, 0.752135, -0.024699, -0.171116, -0.264947, 0.533600, 0.328875, 0.417310, -0.658000
-0.019646, -0.169230, -0.260536, 0.000900, -0.043425, -0.648150, 0.760274, -0.023717, -0.171045, -0.261505, 0.528920, 0.338336, 0.418592, -0.656166
-0.020215, -0.170047, -0.259472, 0.000888, -0.040727, -0.649239, 0.759494, -0.025665, -0.172339, -0.261942, 0.531298, 0.329446, 0.413772, -0.661801
-0.020932, -0.170316, -0.258892, -0.004646, -0.042051, -0.649420, 0.759253, -0.024971, -0.170841, -0.257391, 0.532629, 0.324796, 0.415905, -0.661693
-0.021592, -0.171412, -0.257474, -0.014472, -0.048287, -0.649503, 0.758687, -0.027925, -0.175062, -0.261697, 0.535011, 0.315723, 0.411083, -0.667153
-0.022526, -0.171278, -0.256331, -0.010762, -0.045723, -0.650910, 0.757701, -0.027731, -0.172046, -0.254902, 0.533638, 0.311654, 0.408716, -0.671605
-0.023217, -0.171726, -0.255961, -0.015625, -0.047679, -0.649343, 0.758840, -0.030926, -0.174360, -0.258733, 0.527177, 0.318355, 0.418010, -0.667835
-0.023891, -0.172103, -0.255404, -0.024982, -0.053703, -0.651355, 0.756459, -0.030166, -0.176786, -0.262430, 0.529288, 0.318284, 0.412248, -0.669776
-0.024537, -0.172457, -0.254989, -0.030761, -0.055396, -0.646321, 0.760432, -0.029230, -0.176111, -0.259562, 0.533278, 0.313852, 0.412493, -0.668552
-0.025270, -0.172237, -0.255379, -0.040760, -0.060553, -0.642869, 0.762491, -0.028863, -0.173763, -0.257327, 0.527841, 0.323309, 0.413208, -0.667918
-0.024055, -0.172184, -0.255065, -0.053558, -0.065660, -0.643302, 0.760910, -0.028959, -0.173720, -0.258650, 0.530275, 0.315791, 0.424813, -0.662283
-0.025471, -0.172333, -0.255148, -0.061081, -0.077339, -0.640364, 0.761724, -0.029713, -0.174010, -0.258165, 0.536194, 0.307882, 0.410929, -0.669957
-0.024883, -0.171198, -0.254313, -0.056640, -0.075106, -0.642413, 0.760564, -0.027477, -0.170378, -0.252174, 0.537393, 0.306507, 0.409429, -0.670545
-0.023730, -0.170941, -0.254714, -0.052377, -0.072276, -0.650507, 0.754238, -0.030403, -0.176607, -0.267667, 0.541730, 0.300010, 0.421263, -0.662616
-0.024179, -0.170283, -0.254670, -0.061854, -0.079363, -0.646035, 0.756648, -0.027359, -0.171624, -0.256330, 0.534766, 0.314097, 0.421982, -0.661287
-0.023426, -0.169205, -0.254957, -0.071727, -0.083343, -0.644965, 0.756261, -0.023129, -0.165675, -0.248888, 0.532148, 0.325705, 0.427631, -0.654115
-0.023775, -0.170046, -0.254602, -0.081247, -0.089891, -0.645038, 0.754484, -0.026420, -0.173696, -0.262384, 0.534669, 0.320484, 0.424801, -0.656478
-0.023642, -0.168987, -0.255013, -0.104213, -0.108148, -0.664017, 0.732480, -0.023326, -0.165187, -0.252679, 0.528926, 0.325800, 0.446335, -0.644109
-0.023824, -0.169893, -0.255225, -0.112603, -0.113169, -0.661045, 0.733167, -0.024337, -0.167828, -0.255897, 0.533686, 0.327366, 0.437711, -0.645306
-0.023948, -0.172009, -0.257205, -0.105228, -0.107064, -0.656345, 0.739376, -0.026153, -0.170716, -0.261356, 0.541812, 0.307745, 0.418739, -0.660599
-0.024537, -0.175070, -0.258523, -0.104017, -0.100055, -0.625844, 0.766479, -0.026694, -0.176997, -0.266859, 0.553619, 0.295534, 0.393690, -0.671695
-0.025425, -0.174991, -0.258891, -0.098270, -0.103907, -0.621836, 0.769979, -0.031289, -0.177398, -0.269595, 0.552571, 0.291369, 0.397556, -0.672100
-0.025818, -0.174962, -0.259478, -0.099517, -0.110128, -0.624305, 0.766950, -0.029034, -0.171504, -0.263204, 0.545118, 0.312320, 0.401364, -0.666491
-0.027901, -0.178082, -0.262227, -0.099338, -0.122110, -0.623780, 0.765585, -0.031226, -0.179667, -0.276608, 0.568948, 0.268416, 0.387511, -0.673859
-0.029289, -0.176321, -0.264536, -0.080727, -0.114806, -0.623531, 0.769099, -0.028398, -0.178281, -0.276976, 0.556650, 0.295940, 0.403896, -0.662894
-0.030579, -0.174033, -0.266475, -0.031764, -0.072156, -0.621639, 0.779327, -0.029202, -0.174398, -0.273207, 0.537145, 0.313206, 0.438478, -0.648933
-0.029618, -0.171839, -0.267661, -0.022997, -0.063713, -0.617293, 0.783813, -0.031063, -0.173706, -0.275023, 0.528900, 0.327322, 0.440520, -0.647354
-0.029643, -0.171361, -0.268153, -0.022414, -0.065269, -0.621839, 0.780099, -0.036757, -0.173515, -0.282325, 0.512166, 0.345447, 0.443238, -0.649532
-0.028701, -0.170039, -0.268506, -0.019253, -0.061452, -0.625410, 0.777635, -0.032449, -0.173303, -0.276599, 0.516210, 0.344649, 0.444523, -0.645867
-0.026578, -0.169076, -0.268179, -0.013791, -0.046168, -0.630069, 0.775043, -0.030264, -0.175363, -0.281979, 0.517527, 0.335994, 0.468896, -0.631989
-0.027100, -0.171100, -0.266387, 0.003881, -0.051779, -0.634218, 0.771410, -0.029788, -0.174839, -0.274475, 0.515409, 0.343208, 0.436575, -0.652659
-0.027221, -0.172367, -0.267694, 0.007140, -0.052850, -0.626383, 0.777689, -0.037719, -0.184262, -0.294995, 0.502763, 0.354611, 0.449659, -0.647524
-0.026932, -0.172737, -0.269907, 0.004759, -0.057494, -0.616682, 0.785096, -0.037460, -0.183872, -0.297215, 0.511589, 0.344834, 0.427761, -0.660596
-0.029656, -0.172201, -0.270162, 0.020862, -0.064976, -0.612186, 0.787765, -0.039511, -0.185685, -0.301930, 0.508046, 0.345222, 0.433455, -0.659414
-0.030560, -0.170919, -0.270813, 0.021143, -0.070593, -0.614263, 0.785654, -0.038380, -0.182659, -0.299774, 0.510218, 0.337344, 0.422316, -0.668974
-0.031015, -0.170442, -0.270064, 0.023446, -0.065566, -0.621251, 0.780513, -0.037380, -0.181241, -0.296867, 0.526119, 0.308844, 0.426200, -0.667958
-0.031234, -0.171860, -0.270624, 0.024784, -0.063094, -0.610121, 0.789404, -0.038112, -0.182209, -0.294553, 0.526070, 0.313292, 0.402680, -0.680403
-0.032068, -0.171627, -0.271604, 0.021307, -0.061467, -0.607595, 0.791579, -0.038808, -0.181199, -0.297103, 0.538226, 0.289807, 0.402297, -0.681529
-0.032498, -0.171265, -0.272127, 0.021967, -0.059751, -0.608279, 0.791167, -0.039285, -0.181756, -0.298632, 0.528009, 0.309261, 0.417613, -0.671686
-0.032818, -0.171212, -0.272515, 0.029558, -0.055945, -0.607085, 0.792115, -0.040266, -0.182051, -0.300339, 0.523393, 0.311611, 0.409025, -0.679453
-0.032990, -0.171375, -0.272979, 0.025817, -0.059325, -0.603887, 0.794441, -0.039975, -0.178497, -0.292295, 0.519179, 0.322478, 0.411210, -0.676289
-0.033390, -0.172422, -0.272942, 0.023841, -0.059462, -0.596351, 0.800165, -0.039226, -0.179590, -0.290007, 0.518990, 0.321899, 0.404048, -0.681011
-0.034807, -0.171170, -0.272904, 0.032856, -0.048818, -0.603462, 0.795219, -0.043588, -0.182130, -0.299062, 0.507532, 0.330173, 0.426366, -0.672019
-0.035262, -0.171556, -0.272423, 0.027836, -0.053354, -0.598708, 0.798705, -0.043216, -0.179955, -0.293368, 0.516339, 0.316280, 0.408432, -0.683041
-0.037545, -0.170589, -0.271978, 0.031327, -0.048679, -0.602538, 0.795989, -0.047695, -0.183001, -0.302534, 0.510942, 0.314211, 0.415318, -0.683901
-0.038816, -0.170208, -0.271954, 0.025341, -0.049319, -0.598985, 0.798840, -0.046606, -0.178818, -0.292877, 0.504205, 0.327862, 0.423636, -0.677360
-0.041164, -0.170374, -0.270221, 0.029110, -0.043935, -0.602024, 0.796738, -0.052487, -0.183071, -0.300281, 0.504912, 0.315951, 0.429408, -0.678858
-0.043619, -0.170297, -0.269549, 0.027224, -0.043376, -0.598235, 0.799684, -0.053705, -0.181853, -0.297056, 0.511235, 0.299301, 0.412937, -0.691766
-0.046187, -0.169199, -0.267582, 0.032837, -0.037418, -0.603049, 0.796150, -0.057189, -0.182081, -0.298613, 0.504880, 0.299541, 0.422072, -0.690816
-0.047922, -0.169831, -0.267422, 0.025174, -0.040636, -0.599440, 0.798992, -0.061233, -0.183182, -0.301017, 0.500511, 0.306046, 0.425883, -0.688802
-0.051603, -0.168980, -0.266282, 0.029657, -0.031786, -0.597169, 0.800938, -0.062652, -0.179241, -0.291975, 0.500310, 0.293280, 0.424038, -0.695606
-0.052995, -0.169141, -0.266319, 0.019703, -0.037545, -0.594191, 0.803206, -0.063279, -0.178827, -0.291842, 0.504052, 0.293175, 0.423337, -0.693373
-0.055006, -0.169546, -0.264356, 0.025962, -0.031907, -0.598234, 0.800266, -0.068279, -0.181795, -0.293884, -0.499494, -0.287636, -0.430341, 0.694678
-0.056697, -0.170469, -0.264041, 0.022173, -0.031267, -0.594001, 0.803551, -0.072144, -0.184047, -0.296410, -0.494125, -0.291125, -0.431503, 0.696342
-0.058733, -0.169924, -0.262891, 0.031145, -0.028727, -0.596580, 0.801435, -0.071374, -0.181525, -0.292004, -0.489387, -0.296853, -0.433112, 0.696270
-0.060152, -0.170094, -0.263296, 0.026319, -0.028461, -0.591868, 0.805104, -0.071253, -0.180651, -0.289371, -0.491943, -0.296788, -0.429550, 0.696704
-0.062050, -0.170079, -0.263151, 0.033201, -0.024885, -0.586854, 0.808630, -0.072474, -0.179698, -0.286695, -0.488651, -0.294734, -0.426694, 0.701630
-0.062442, -0.170777, -0.262855, 0.033513, -0.023499, -0.586626, 0.808824, -0.074619, -0.181238, -0.289203, -0.486673, -0.297657, -0.433138, 0.697812
-0.062855, -0.171335, -0.263000, 0.027320, -0.027193, -0.582748, 0.811739, -0.074145, -0.180579, -0.287600, -0.488452, -0.296618, -0.423479, 0.702921
-0.063371, -0.172000, -0.263096, 0.030364, -0.023218, -0.574099, 0.817895, -0.072834, -0.181500, -0.285925, -0.482297, -0.311656, -0.430669, 0.696264
-0.064237, -0.171114, -0.262064, 0.033788, -0.022597, -0.584299, 0.810521, -0.075932, -0.181955, -0.289149, -0.478320, -0.303325, -0.440370, 0.696619
-0.064102, -0.171702, -0.263406, 0.030612, -0.022862, -0.577811, 0.815277, -0.073910, -0.178283, -0.281478, -0.481952, -0.301769, -0.434563, 0.698436
-0.063775, -0.172481, -0.263744, 0.025634, -0.023741, -0.578255, 0.815109, -0.075098, -0.181993, -0.288226, -0.488254, -0.296090, -0.437792, 0.694462
-0.063721, -0.172638, -0.263047, 0.025890, -0.020857, -0.582497, 0.812153, -0.070882, -0.181193, -0.282371, -0.489679, -0.297082, -0.445747, 0.687944
-0.063836, -0.172808, -0.262584, 0.026950, -0.019477, -0.583963, 0.811100, -0.075519, -0.182209, -0.284123, -0.480571, -0.303085, -0.439542, 0.695696
-0.063969, -0.172738, -0.262514, 0.026199, -0.019559, -0.583460, 0.811485, -0.078222, -0.184804, -0.291729, -0.489784, -0.285891, -0.436854, 0.698238
-0.063975, -0.172033, -0.263371, 0.031664, -0.004096, -0.583855, 0.811231, -0.073225, -0.181367, -0.286578, -0.494605, -0.276557, -0.446189, 0.692674
-0.063911, -0.170926, -0.264055, 0.035113, -0.000974, -0.586179, 0.809421, -0.074130, -0.178638, -0.285594, -0.485861, -0.290022, -0.457281, 0.686090
-0.064027, -0.169874, -0.263635, 0.036269, -0.006657, -0.599360, 0.799631, -0.076772, -0.179536, -0.289014, -0.494245, -0.275847, -0.451374, 0.689849
-0.064695, -0.169659, -0.263810, 0.035411, -0.013242, -0.604073, 0.796033, -0.076585, -0.180504, -0.292052, -0.493335, -0.280873, -0.453926, 0.686791
-0.065528, -0.169359, -0.265261, 0.036333, -0.010504, -0.603461, 0.796496, -0.079825, -0.180025, -0.295075, -0.482012, -0.290650, -0.459956, 0.686752
-0.066128, -0.170183, -0.265226, 0.039581, -0.011166, -0.596055, 0.801891, -0.080638, -0.181196, -0.294151, -0.489733, -0.279290, -0.439807, 0.699092
-0.066063, -0.168797, -0.264873, 0.050649, -0.007771, -0.604023, 0.795319, -0.073689, -0.175364, -0.283773, -0.481074, -0.293474, -0.461710, 0.685029
-0.066421, -0.166555, -0.264744, 0.057796, -0.003907, -0.605204, 0.793961, -0.077232, -0.175799, -0.293091, -0.480275, -0.291772, -0.481609, 0.672501
-0.065234, -0.162645, -0.263057, 0.073306, -0.001126, -0.639048, 0.765666, -0.077276, -0.168509, -0.283366, -0.452581, -0.332401, -0.495867, 0.662416
-0.061602, -0.165727, -0.259840, 0.025788, -0.017219, -0.628428, 0.777251, -0.073730, -0.173295, -0.278136, 0.507372, 0.271929, 0.439169, -0.689752
-0.056845, -0.161725, -0.256913, 0.025964, -0.009742, -0.631353, 0.775001, -0.064307, -0.161727, -0.259900, -0.481872, -0.322598, -0.438849, 0.686398
-0.055193, -0.160423, -0.251802, 0.089471, 0.031404, -0.622916, 0.776522, -0.059190, -0.158923, -0.250195, -0.478045, -0.323939, -0.438386, 0.688734
-0.052379, -0.160199, -0.250622, 0.089786, 0.036184, -0.612142, 0.784801, -0.057496, -0.160604, -0.252495, -0.485413, -0.316299, -0.439603, 0.686352
-0.051948, -0.159257, -0.248758, 0.083898, 0.028804, -0.614918, 0.783587, -0.055066, -0.156305, -0.240434, -0.478630, -0.325712, -0.443723, 0.684058
-0.052208, -0.159629, -0.248564, 0.055243, 0.011754, -0.603158, 0.795621, -0.054843, -0.156653, -0.240085, -0.483540, -0.321799, -0.432857, 0.689398
-0.052433, -0.160781, -0.248619, 0.028508, -0.007485, -0.601363, 0.798433, -0.054248, -0.157587, -0.240615, -0.491301, -0.305483, -0.430998, 0.692492
-0.053332, -0.161134, -0.247243, 0.014617, -0.013995, -0.596245, 0.802548, -0.062428, -0.163818, -0.251476, -0.484749, -0.304737, -0.422804, 0.702417
-0.054098, -0.160869, -0.246249, 0.008938, -0.016315, -0.592045, 0.805691, -0.059984, -0.160299, -0.244827, -0.480324, -0.312797, -0.431654, 0.696507
-0.055211, -0.160635, -0.244241, 0.000540, -0.023372, -0.588579, 0.808103, -0.063283, -0.160450, -0.244075, -0.474636, -0.314294, -0.430081, 0.700693
-0.056038, -0.159150, -0.243271, 0.003932, -0.023208, -0.587539, 0.808854, -0.060384, -0.155742, -0.237859, -0.471833, -0.320237, -0.434865, 0.696932
-0.057362, -0.158821, -0.241525, -0.009504, -0.032249, -0.588171, 0.808038, -0.060963, -0.156388, -0.236433, -0.471550, -0.320395, -0.436388, 0.696099
-0.060398, -0.159267, -0.239558, -0.027731, -0.058137, -0.591705, 0.803578, -0.059694, -0.156566, -0.233421, -0.469881, -0.325198, -0.435858, 0.695331
-0.065741, -0.160425, -0.242377, -0.060287, -0.104685, -0.602530, 0.788901, -0.060078, -0.155677, -0.237514, -0.479785, -0.310161, -0.442129, 0.691468
-0.073942, -0.165462, -0.246825, -0.063655, -0.144950, -0.622653, 0.766317, -0.064851, -0.159478, -0.241777, 0.509145, 0.259486, 0.429514, -0.699254
-0.078636, -0.170186, -0.246704, 0.059487, -0.054457, -0.585060, 0.806970, -0.082065, -0.177876, -0.268018, 0.539798, 0.178011, 0.401669, -0.718047
-0.076138, -0.165832, -0.247711, 0.077084, 0.023225, -0.595340, 0.799431, -0.080238, -0.174474, -0.268071, 0.506449, 0.224588, 0.475492, -0.683357
-0.072107, -0.161139, -0.246762, 0.049170, 0.079761, -0.587256, 0.803960, -0.071436, -0.162945, -0.252767, -0.499764, -0.225205, -0.531149, 0.646064
-0.070079, -0.158972, -0.244510, 0.061742, 0.125448, -0.574455, 0.806507, -0.067097, -0.155220, -0.237475, -0.498874, -0.221919, -0.522812, 0.654633
-0.068918, -0.156012, -0.240232, 0.075896, 0.157449, -0.559511, 0.810184, -0.063466, -0.148337, -0.221927, 0.500152, 0.199316, 0.513636, -0.668057
-0.068222, -0.156496, -0.236371, 0.092846, 0.183143, -0.546017, 0.812222, -0.061943, -0.149332, -0.219396, 0.519722, 0.174514, 0.507438, -0.664786
-0.068093, -0.156300, -0.233798, 0.102257, 0.187459, -0.552266, 0.805857, -0.059057, -0.145281, -0.208684, 0.520375, 0.182256, 0.504506, -0.664429
-0.068586, -0.155877, -0.230430, 0.114210, 0.192013, -0.548081, 0.806037, -0.059785, -0.144740, -0.205322, 0.530578, 0.169927, 0.496167, -0.665906
-0.068884, -0.154842, -0.227682, 0.134622, 0.189798, -0.541733, 0.807701, -0.058921, -0.142189, -0.200841, 0.535045, 0.165500, 0.474981, -0.678771
-0.069188, -0.153775, -0.222975, 0.153592, 0.179495, -0.527451, 0.816081, -0.063134, -0.144160, -0.203374, 0.529160, 0.167446, 0.465301, -0.689527
-0.067616, -0.151331, -0.217900, 0.154985, 0.184446, -0.512405, 0.824258, -0.062114, -0.141256, -0.200681, 0.530345, 0.164580, 0.473129, -0.683957
-0.065974, -0.149944, -0.214037, 0.157875, 0.186816, -0.506950, 0.826546, -0.064038, -0.143629, -0.207139, 0.530728, 0.158411, 0.473646, -0.684758
-0.064845, -0.149349, -0.210603, 0.160858, 0.175056, -0.490498, 0.838387, -0.066124, -0.146737, -0.210477, 0.516855, 0.174193, 0.465081, -0.697293
-0.063942, -0.148407, -0.208348, 0.160421, 0.166523, -0.493378, 0.838519, -0.060464, -0.144010, -0.204123, 0.524915, 0.169643, 0.457485, -0.697419
-0.063098, -0.147562, -0.207871, 0.168423, 0.162469, -0.494651, 0.836994, -0.060702, -0.143145, -0.203581, 0.518283, 0.177086, 0.455300, -0.701944
-0.062014, -0.147105, -0.206856, 0.160490, 0.153144, -0.501301, 0.836354, -0.056996, -0.141781, -0.199445, 0.523770, 0.176504, 0.452154, -0.700049
-0.061195, -0.146519, -0.207137, 0.159231, 0.148686, -0.503076, 0.836333, -0.058493, -0.142455, -0.202927, 0.513853, 0.189019, 0.452623, -0.703818
-0.061104, -0.146553, -0.207518, 0.154956, 0.149368, -0.497624, 0.840267, -0.060019, -0.143272, -0.205778, 0.516171, 0.180811, 0.453292, -0.703847
-0.060707, -0.145976, -0.206835, 0.151261, 0.153499, -0.492348, 0.843299, -0.055626, -0.140929, -0.200374, 0.526127, 0.181785, 0.458681, -0.692644
-0.060592, -0.144079, -0.208068, 0.142954, 0.159073, -0.491049, 0.844471, -0.055805, -0.137278, -0.197170, 0.528266, 0.177531, 0.463746, -0.688736
-0.058260, -0.144658, -0.205285, 0.131995, 0.158197, -0.505502, 0.837866, -0.053275, -0.137093, -0.189728, 0.523952, 0.187135, 0.451170, -0.697783
-0.056239, -0.141999, -0.203534, 0.119518, 0.153897, -0.524765, 0.828646, -0.054494, -0.135275, -0.186136, -0.471682, -0.259080, -0.482682, 0.690950
-0.057390, -0.149391, -0.204633, 0.143007, 0.106244, -0.565659, 0.805166, -0.055849, -0.143122, -0.192627, -0.466287, -0.283716, -0.461088, 0.699628
-0.058072, -0.148736, -0.205615, 0.148783, 0.070126, -0.601587, 0.781691, -0.058288, -0.145124, -0.197400, -0.474469, -0.287986, -0.428890, 0.712739
-0.060999, -0.150441, -0.203153, 0.164482, 0.063001, -0.582616, 0.793434, -0.061396, -0.146550, -0.193377, -0.458906, -0.306368, -0.426904, 0.716448
-0.062553, -0.151187, -0.200050, 0.154069, 0.054551, -0.571829, 0.803928, -0.063534, -0.147924, -0.192123, -0.446432, -0.306533, -0.440703, 0.715903
-0.063555, -0.151850, -0.200373, 0.171773, 0.100764, -0.549153, 0.811649, -0.061071, -0.145222, -0.185752, -0.441145, -0.315402, -0.460015, 0.703064
-0.066880, -0.151202, -0.200526, 0.217640, 0.168919, -0.531748, 0.800840, -0.068334, -0.145428, -0.188393, -0.440807, -0.297626, -0.470371, 0.704172
-0.071848, -0.148769, -0.200051, 0.268338, 0.213620, -0.514413, 0.785966, -0.076436, -0.143686, -0.188192, -0.431485, -0.286938, -0.472241, 0.713075
-0.076986, -0.147415, -0.200351, 0.332990, 0.272811, -0.494107, 0.755349, -0.080688, -0.142353, -0.188727, -0.440229, -0.266457, -0.471990, 0.715838
-0.081480, -0.146679, -0.202321, 0.372485, 0.354287, -0.482169, 0.709401, -0.089160, -0.144529, -0.189750, -0.417835, -0.279829, -0.524273, 0.687202
4.382674, 4.957920, -6.394370, 0.596401, -0.411040, -0.666909, -0.174883, 0.170950, 0.084918, -0.108671, 0.778260, -0.366895, -0.500743, -0.094638
0.205442, 0.062521, -0.223261, 0.332662, 0.253823, 0.863983, 0.280076, 0.157782, 0.042601, -0.118393, 0.335220, 0.387412, 0.432513, 0.741938
0.204679, 0.063101, -0.223166, 0.308018, 0.271048, 0.869551, 0.274843, 0.166079, 0.022458, -0.115240, 0.804626, -0.128368, 0.576830, -0.058019
0.127734, 0.000003, 0.005905, 0.372376, 0.115591, -0.024799, 0.920521, 0.182531, -0.012839, -0.029374, 0.347998, 0.441009, 0.098535, 0.821401
0.122225, 0.003087, 0.008560, 0.475537, 0.272105, -0.152175, 0.822597, 0.121642, 0.133121, -0.043538, 0.555666, -0.119705, 0.816265, -0.103040
0.134122, 0.013779, -0.003640, 0.447708, 0.141189, 0.030827, 0.882425, 0.142879, 0.021211, 0.012256, 0.558961, 0.137179, 0.120406, 0.808855
-0.045785, 0.044816, -0.003523, 0.216888, -0.301926, 0.090504, 0.923910, -0.035884, 0.032662, 0.000890, 0.038021, -0.415155, 0.140005, 0.898109
-0.047348, 0.045187, -0.001552, 0.224197, -0.198821, 0.072139, 0.951316, -0.059058, 0.053883, 0.001003, 0.933779, -0.240983, 0.006890, 0.264457
-0.027366, 0.045562, -0.029923, 0.298727, -0.142224, 0.118484, 0.936214, -0.036754, 0.078590, -0.076345, 0.182591, -0.200768, 0.297342, 0.915391
